Administrative_Area,Cuisine,Restaurant_id,Restaurant_Name,Restaurant_Lat,Restaurant_Lon
DUBLIN CITY,Afghan,57f544f4498e9282a9682873,Afghan Restaurant,53.33861,-6.2658777
DUBLIN CITY,African,4e398411b61c438b5487b701,Akwaaba,53.352742,-6.244516
DUBLIN CITY,African,4afbcb53f964a520141f22e3,Il Caffè di Napoli,53.34269204964607,-6.250146882932521
DUBLIN CITY,African,4c13966ba5eb76b0f01ec0b7,Akanchawa's Honey Pot,53.354089508735726,-6.269668266177177
DUBLIN CITY,American,4cdd9beaf8a4a1431027d1bc,The Butcher Grill,53.32428802159964,-6.252727790636183
DUBLIN CITY,American,4b8d5387f964a520c1f432e3,TriBeCa,53.32436697233526,-6.252996317860284
DUBLIN CITY,American,4ade0f09f964a520de7021e3,Hard Rock Cafe Dublin,53.345878067909446,-6.260866414103475
DUBLIN CITY,American,4fc62996e4b0505c6e36dba1,TGI Fridays,53.34586322826112,-6.259747704026425
DUBLIN CITY,American,51acdfab498ea50be7f3de5f,Bunsen,53.33727022576248,-6.265668618588628
DUBLIN CITY,American,59eb6000f62e0902f051ff72,Ruby's,53.348447,-6.227838
DUBLIN CITY,American,4af2d5a7f964a520abe821e3,Herbstreet,53.344294,-6.237792
DUBLIN CITY,American,4b19a00df964a520ade023e3,Eddie Rocket's,53.34780492477864,-6.259826903122985
DUBLIN CITY,American,54426aa3498e28f66d4b4353,Dolce Sicily,53.340942,-6.258772
DUBLIN CITY,American,50d17a39e4b08647fe9dc66f,Goose on the Loose,53.33765634855233,-6.265960813140503
DUBLIN CITY,American,4b2289b0f964a520974824e3,Lemon Crêpe & Coffee Company,53.342942702253495,-6.262089080976415
DUBLIN CITY,American,4ade0f38f964a5208b7121e3,Eddie Rocket's,53.34123046958709,-6.259664322399431
DUBLIN CITY,American,4b070dc9f964a5205af622e3,The Long Hall,53.341786863588524,-6.2650783896848585
DUBLIN CITY,American,4f85d1a6e4b08d4038372c98,The Brew Dock,53.350059436373215,-6.251013682214186
DUBLIN CITY,American,4af43a59f964a520b7f021e3,TGI Fridays,53.339890067853254,-6.26127096823372
DUBLIN CITY,American,4af1e5c9f964a5203ae421e3,The Porterhouse Central,53.34318517785589,-6.259394495871815
DUBLIN CITY,American,4cfbb0f2d8468cfaa3fff56b,Merchant's Arch Bar & Restaurant,53.34642196575516,-6.26305531042032
DUBLIN CITY,American,4ade0f35f964a5207d7121e3,Captain Americas Cookhouse & Bar,53.34051129617559,-6.260500468380906
DUBLIN CITY,American,4ade0f3df964a5209e7121e3,Thunder Road Café,53.34569914551555,-6.261101698600784
DUBLIN CITY,American,5c6ddf29178a2a002ca8087e,Delight Coffee Bar,53.3674674,-6.2552501
DUBLIN CITY,American,4b029607f964a520014922e3,Woolshed Baa & Grill,53.35011116670477,-6.267080001700335
DUBLIN CITY,American,4b62f8d4f964a5208d5b2ae3,Eddie Rocket's,53.322227003893985,-6.265534375026164
DUBLIN CITY,American,4aff43acf964a520ac3622e3,The Bleeding Horse,53.33361178670537,-6.264885527195136
DUBLIN CITY,American,4e04de97aeb771d9788243d8,Milano,53.32506855639537,-6.254135063450917
DUBLIN CITY,American,4be2ba6ef07b0f479402f643,Eddie Rocket's,53.3929991962413,-6.2504750085983005
DUBLIN CITY,American,4b059617f964a5207adf22e3,Milano,53.33423623774585,-6.245112550125214
DUBLIN CITY,Chinese,4b26b074f964a5208c7f24e3,Hilan Korean & Chinese Restaurant,53.34866097636511,-6.268820096961752
DUBLIN CITY,Chinese,5c07ecc2e9b9a500252f9c13,Xian Street Food,53.34105246667946,-6.259748786687851
DUBLIN CITY,Chinese,582caf96d21e034889796cf3,Hang Dai Chinese,53.33521738452204,-6.265130536287104
DUBLIN CITY,Chinese,5386097c498e5a8cd9ed588a,Duck,53.342037,-6.2639074
DUBLIN CITY,Chinese,561ff53d498ee2c4ead785f5,Old Town,53.34873856655397,-6.268833577997106
DUBLIN CITY,Chinese,4b996581f964a520617835e3,Charming Noodles,53.353803513451304,-6.258534639775284
DUBLIN CITY,Chinese,4bd478db29eb9c74a8a091e1,M&L,53.35057107216388,-6.259538876695767
DUBLIN CITY,Chinese,4b51995df964a5206e5027e3,Good World Chinese Restaurant,53.342868911033314,-6.26430784971374
DUBLIN CITY,Chinese,4ade0f33f964a520757121e3,Kites,53.3292498537681,-6.231632591824455
DUBLIN CITY,Chinese,5af0369522d490002c79540c,Bao House,53.338963,-6.266096
DUBLIN CITY,Chinese,5516a003498ee5f4d3de819e,Sichuan Chili King,53.353456742048365,-6.259159902781128
DUBLIN CITY,Chinese,5279423a11d2ec151eca71b5,Ka Shing,53.34300063003814,-6.2608665395414285
DUBLIN CITY,Chinese,4b1a7d9ef964a52015eb23e3,Chief Chang's Buffet,53.33992014609146,-6.26097241001315
DUBLIN CITY,Chinese,509cf91ee4b005ecff5c79f2,J2 Grill & Sushi,53.34771247771018,-6.243839757690937
DUBLIN CITY,Chinese,4bde00310ee3a5935a8b2fb0,Charlies III,53.34621549686315,-6.258996518268921
DUBLIN CITY,Chinese,4b6de4c2f964a52087992ce3,Jimmy Chung's,53.34771439820321,-6.2582299483843595
DUBLIN CITY,Chinese,4af814edf964a520e80a22e3,Ukiyo Bar,53.34304618866043,-6.263695888601069
DUBLIN CITY,Chinese,4eb58aa030f8d0f18c650a4f,Lee Kee,53.3536344682112,-6.259146732973605
DUBLIN CITY,Chinese,4d89edb51508a143e46a181e,Long Thanh Chinese & Vietnamese Takaway,53.356256663435126,-6.248004430649607
DUBLIN CITY,Chinese,4cd3013f08f48cfab6af9d85,Wok and Go,53.34978280384916,-6.258366107940674
DUBLIN CITY,Chinese,4c0ac702009a0f47df0beabf,Full House,53.348191,-6.26181
DUBLIN CITY,Chinese,5c2f6211dee770002c7ea8e4,Bowls by Kwanghi Chan,53.353279,-6.259434
DUBLIN CITY,Chinese,5d5447ff29e8f7000851aa56,Bullet Duck And Dumplings,53.348356,-6.269347
DUBLIN CITY,Chinese,4b3fe8c8f964a520d8b125e3,Charlies 3,53.34371872231029,-6.26461255512055
DUBLIN CITY,Chinese,507c5531e4b04505d1fec1b7,Mak At D6,53.325117103611305,-6.255344134954406
DUBLIN CITY,Chinese,4c500b94371520a114c3a3c0,Kungfu Buffet,53.36138017793971,-6.2726698491588015
DUBLIN CITY,Chinese,4c77f7e3a8683704e79f0b4d,New Empire,53.327109,-6.264885
DUBLIN CITY,Chinese,4b163458f964a52086b723e3,Roasted Bean Coffee Company,53.35134793741431,-6.250468032819193
DUBLIN CITY,Chinese,4e0fb74062843e04afb84613,Canton City,53.351202180844425,-6.282842186107689
DUBLIN CITY,Chinese,4bc75d7914d79521d93d67e9,Good View Chinese Take Away,53.34184779114961,-6.22775481560248
DUBLIN CITY,Chinese,57af66c1498eeb5b2e30031c,Lin's Palace,53.34174,-6.227488
DUBLIN CITY,Chinese,5152ef04e4b0f4bcdd5f8a04,China Castle,53.34812780618477,-6.262174880261266
DUBLIN CITY,Chinese,4be307891dd22d7fee8295bd,Canton House,53.339733093605574,-6.223431378597962
DUBLIN CITY,Chinese,4dbdb3f6cda109aa6cb9a3e7,China Kitchen Takeaway,53.376965780540516,-6.223372887914081
DUBLIN CITY,Chinese,4c1a68d5eac020a13e3943c2,Mars,53.332205656923705,-6.264610290527344
DUBLIN CITY,Chinese,51d86e5a498e62a2f8f9c5ac,Golden Palace,53.38102112360553,-6.245890147039113
DUBLIN CITY,Chinese,522f5f51498ea45ad6a78e8b,10 Thousand,53.35142039601234,-6.261030039746978
DUBLIN CITY,Chinese,570bdb4dcd1027f1f262a7ff,Gourmet Kitchen,53.381693976281845,-6.241286002251889
DUBLIN CITY,Chinese,5155bacce4b03b3c9f9a2916,Chop Chop,53.33263,-6.275198
DUBLIN CITY,Chinese,4ee3cc74722ea7b944919ecf,New Emperor,53.3753159585952,-6.21840419479805
DUBLIN CITY,Chinese,4c3b4d30def90f4785b5fd2d,Full House Oriental Take Away,53.33255589008331,-6.275355219841003
DUBLIN CITY,Chinese,4bafce85f964a52050223ce3,Starry Night,53.342804220596776,-6.241345607319616
DUBLIN CITY,Chinese,4b12d159f964a520b48e23e3,Charlies Four,53.34352214987298,-6.26443487130978
DUBLIN CITY,Chinese,4f0884b1e4b026656e4a19b1,Emerald Court,53.32600108868111,-6.255703720916797
DUBLIN CITY,Chinese,4b6f2363f964a5209fdf2ce3,Aberdeen Chinese Take Away,53.38592425275209,-6.266296119469272
DUBLIN CITY,Chinese,4cb8c915a33bb1f742cb83fd,Bamboo,53.32188571738666,-6.2529809
DUBLIN CITY,Chinese,4bc0db0b2a89ef3bae4af188,San Sans,53.3885979228842,-6.245654237615329
DUBLIN CITY,Chinese,54de14f2498eb547d6348463,Rialto Malaysian Chinese Takeaway,53.33594989436363,-6.297903704182995
DUBLIN CITY,Chinese,4d001be5ffcea143ce622b91,Rose Garden,53.33674156183367,-6.29892110824585
DUBLIN CITY,Chinese,4efe183761af974bcc5c06ac,New Land Chinese Takeaway,53.34080296562282,-6.307439804077148
DUBLIN CITY,Chinese,4d543973dcb1a1432c6dbcbf,Ho Ho,53.322224239808975,-6.267240394286227
DUBLIN CITY,Chinese,4b72b36ef964a5205e842de3,Charlies 5,53.336757,-6.265493
DUBLIN CITY,Japanese,4af48636f964a5207cf321e3,Yamamori Sushi,53.34682271991278,-6.263758740892518
DUBLIN CITY,Japanese,51955e89498e30a47e57d4e0,Banyi Japanese Dining,53.34585413275388,-6.261795992818935
DUBLIN CITY,Japanese,5792a1f4498edf90e50eb9be,Eatokyo,53.346096,-6.2625737
DUBLIN CITY,Japanese,4ade0f34f964a520797121e3,Yamamori Noodles,53.3428214724645,-6.2644436120012115
DUBLIN CITY,Japanese,561b974c498e1a6725986220,Zakura Noodle & Sushi,53.33382739335188,-6.244926075095207
DUBLIN CITY,Japanese,4f05b6f38b81bb1b02d51f42,Musashi Noodles & Sushi Bar,53.34696817829043,-6.268146554104451
DUBLIN CITY,Japanese,58de509744587f5a0861ef98,Takara,53.3479168891344,-6.264157286811008
DUBLIN CITY,Japanese,588b4446fc73d444367e0066,Musashi,53.34103610627617,-6.245054295708118
DUBLIN CITY,Japanese,4cd56f3367c7236a69b61277,Ichiman,53.34769096969504,-6.263597792142745
DUBLIN CITY,Japanese,4af814edf964a520e80a22e3,Ukiyo Bar,53.34304618866043,-6.263695888601069
DUBLIN CITY,Japanese,4b62e7c8f964a5202e582ae3,Tippenyaki,53.32255587013584,-6.2651126818761975
DUBLIN CITY,Japanese,509cf91ee4b005ecff5c79f2,J2 Grill & Sushi,53.34771247771018,-6.243839757690937
DUBLIN CITY,Japanese,527cef80498e27894173af05,Musashi,53.349638749138265,-6.243395852073718
DUBLIN CITY,Japanese,5637cc1f498ec77286db05b7,Zucconi Sushi,53.349989,-6.253579
DUBLIN CITY,Japanese,4e4fd10caeb70f1284a53e85,Yamamori Izakaya,53.34329823750577,-6.264454421541874
DUBLIN CITY,Japanese,4ade0f38f964a5208a7121e3,wagamama,53.340336,-6.262641
DUBLIN CITY,Japanese,5322071e498e96a03850732e,Fujiyama Sushi,53.35062459166084,-6.260559786567972
DUBLIN CITY,Japanese,55a15c0f498e2941786f677c,Taste at Rustic,53.34301646067142,-6.264292795324801
DUBLIN CITY,Japanese,5ae2faf22b984400390b1995,Tokyo Kitchen,53.349294,-6.276035
DUBLIN CITY,Japanese,5248333611d23aa22ccb850f,Zakura Noodle & Sushi,53.336889113725384,-6.265576767459591
DUBLIN CITY,Japanese,542946bf498ef4e6e7b4afcc,Japanese Kitchen @ J2,53.34689683534879,-6.257115493023353
DUBLIN CITY,Japanese,561bc967498e07b11e7af1f1,Aoki,53.332186437343026,-6.2646521801585875
DUBLIN CITY,Japanese,5acbca6fd41bb775c58d4f65,Musashi,53.351138,-6.264117
DUBLIN CITY,Japanese,5409de55498e23475796305c,Kokoro Bento - The Ramen Bar,53.34161031356423,-6.26277336188155
DUBLIN CITY,Japanese,54f1c93c498e5a9d29362504,KuRaud,53.34590148925781,-6.255645751953125
DUBLIN CITY,Japanese,4b128fc1f964a520d58a23e3,Michie Sushi,53.32539546923294,-6.251777211275069
DUBLIN CITY,Japanese,4afebff2f964a5202c3022e3,Kokoro,53.347738986969944,-6.263548033073116
DUBLIN CITY,Japanese,4afd6359f964a520892722e3,Sushi King,53.33797647630327,-6.252918239860896
DUBLIN CITY,Japanese,5855a654561ded1fe278b6c7,Wasabi Restaurant Sushi Bar,53.35709922282263,-6.264328483516979
DUBLIN CITY,Japanese,4aff06bdf964a5202f3322e3,The Hop House (Kim Chi),53.35298138036261,-6.260771692539306
DUBLIN CITY,Japanese,5bc77e62780eee002cbb25ff,Eatokyo,53.35035,-6.2574744
DUBLIN CITY,Japanese,51cf3271498effd0114b1bf3,Okayu,53.359735,-6.240188
DUBLIN CITY,Japanese,4b17c44df964a520f8c723e3,Chai Yo,53.335800115840144,-6.24761904131799
DUBLIN CITY,Japanese,5c0bd800772fbc002cbe741c,Sisu Izakaya,53.34126,-6.2645884
DUBLIN CITY,Japanese,58d8ff008ee560562cbe6fe3,Kokoro,53.338334,-6.253349
DUBLIN CITY,Japanese,534bd977498e2f2d7392ceb5,J2 Sushi & Tea,53.34877754690367,-6.247973357330561
DUBLIN CITY,Japanese,4edccdcd7ee5e8e3e9a9e833,J's Noodle & Sushi House,53.34682720322453,-6.256909653135199
DUBLIN CITY,Japanese,56ed9201498e4f224492f47f,Rafa's Temaki,53.3446483283918,-6.267454842498931
DUBLIN CITY,Korean,4aff06bdf964a5202f3322e3,The Hop House (Kim Chi),53.35298138036261,-6.260771692539306
DUBLIN CITY,Korean,4d4f09c623a76dcbb97c66dc,Arisu,53.34892208383444,-6.268963589655413
DUBLIN CITY,Korean,4b26b074f964a5208c7f24e3,Hilan Korean & Chinese Restaurant,53.34866097636511,-6.268820096961752
DUBLIN CITY,Korean,5cf3f5747564f7002c959805,Chimac,53.341072,-6.265734
DUBLIN CITY,Korean,564e24a4498e86dce051e2ac,Drunken Fish,53.349332678007045,-6.244476268934863
DUBLIN CITY,Korean,573db5d8498ec17ea1b8c78f,Brothers Dosirak,53.34766236760908,-6.268121095615085
DUBLIN CITY,Korean,53dbdc77498ef9ec1881d5ac,Hai Lan,53.344206785554164,-6.265408809061963
DUBLIN CITY,Korean,4b522a37f964a520cc6c27e3,Bonga Korean BBQ & Karaoke,53.349063661912595,-6.268966326290825
DUBLIN CITY,Korean,4bb635912f70c9b6070d8530,Hanyang Korean BBQ,53.34678667876558,-6.264848135312842
DUBLIN CITY,Malay,58f1fdb035f98340ef1f4a51,Kopitiam,53.349140411357595,-6.269004055089808
DUBLIN CITY,Malay,524c8a2511d20e5a8a3a6e86,Shangri La,53.35084,-6.282299
DUBLIN CITY,Malay,532c3817498eb90d6588ebb3,Moonsoon Café,53.34644953802993,-6.279982538522855
DUBLIN CITY,Malay,4e0cc5a2e4cdc8c1cdec1a25,Saga,53.36030067460026,-6.260541742790033
DUBLIN CITY,Thai,4af339e7f964a520e2eb21e3,Saba,53.34122566239105,-6.2620529537427005
DUBLIN CITY,Thai,4b4c956cf964a520bfb626e3,Thai Spice,53.351012305872956,-6.251300535672897
DUBLIN CITY,Thai,4b27746bf964a520938624e3,Baan Thai Restaurant,53.328831514192956,-6.230289809266218
DUBLIN CITY,Thai,4af83d9bf964a520910b22e3,Koh Restaurant & Cocktail Lounge,53.34741370636743,-6.2655894268340075
DUBLIN CITY,Thai,4b6c5124f964a52027302ce3,Thai Orchid,53.34580172203244,-6.259269779539863
DUBLIN CITY,Thai,4d9080bfc479a35dd4cc7297,Camile Thai,53.36225143276685,-6.2726819907406846
DUBLIN CITY,Thai,4f436f57e4b0804937c83734,Neon,53.335410738191186,-6.2652175059418305
DUBLIN CITY,Thai,529109f511d2fae8769bc9bf,Opium,53.336637300887,-6.26611988158487
DUBLIN CITY,Thai,510d4db8e4b0256d77831e74,Red Torch Ginger,53.343452038525804,-6.261806343431996
DUBLIN CITY,Thai,4af336e4f964a520caeb21e3,Kanum Thai,53.33393953515215,-6.24565717120064
DUBLIN CITY,Thai,568d1aec498e09bdc4eefccc,Sanuk Thai,53.32985480495402,-6.232338529621999
DUBLIN CITY,Thai,56eb0b85498e64058fc58fa4,Saba,53.33348156774771,-6.243921730883121
DUBLIN CITY,Thai,4dcfea03fa7664b7c6cc0141,Old Town Café Noodle Box,53.337000513458335,-6.265654893058264
DUBLIN CITY,Thai,4cefb9d7ed62721e7ff861fd,Yum Thai,53.341845764651204,-6.258461808139115
DUBLIN CITY,Thai,503e359fe4b0523977b1e6e1,Kanoodle,53.36093933517757,-6.1823218781856015
DUBLIN CITY,Thai,55c0ae60498e4d3480475868,Camile,53.3441973925399,-6.249327134420442
DUBLIN CITY,Thai,520e639711d255c4ec52c3b7,Bachelors Wok Café,53.347111541160466,-6.260948622779357
DUBLIN CITY,Thai,5220a53a11d21d8bc29c3d4b,Hx46,53.32756009699546,-6.2772526911862725
DUBLIN CITY,Thai,4e25fa261f6e58da2b1aff79,Mi Thai,53.351565,-6.283238
DUBLIN CITY,Thai,4b4cc58ff964a52039be26e3,Chilli Banana,53.37237482626846,-6.252675732444324
DUBLIN CITY,Thai,4b5ca441f964a520953b29e3,Saba to Go,53.322155666720555,-6.267247178606415
DUBLIN CITY,Thai,4e25a269fa76a490d3bc68b4,Hot Wok Noodle Bar,53.34998605575306,-6.259711233514476
DUBLIN CITY,Thai,53187706498e991d5d4d2bd9,Pho Ta,53.34489696592236,-6.26263043488435
DUBLIN CITY,Thai,4af42c35f964a52063f021e3,Green 19,53.33525263997968,-6.265211531755158
DUBLIN CITY,Thai,4b479849f964a520c13626e3,Zao Restaurant,53.392925602914005,-6.250124199022813
DUBLIN CITY,Thai,4c40a59dda3dc9285eabc7b9,Hemidemisemiquaver Bar,53.34838199220124,-6.228330129188405
DUBLIN CITY,Thai,4f3a7165e4b03d32dfae2a35,Yum Thai,53.33783140907517,-6.252885511721383
DUBLIN CITY,Thai,4dd95a1c1838b8561d171e86,Diep At Home,53.3624136812532,-6.258911973275889
DUBLIN CITY,Thai,514a46fae4b08933b7f0fea7,Thaicoon,53.363515469633306,-6.257776497495358
DUBLIN CITY,Thai,4ff08319e4b03098558e34d9,Camile Thai,53.32561272812375,-6.265108946406852
DUBLIN CITY,Thai,58e8df44e9233e15915951da,Nightmarket,53.323893,-6.251195
DUBLIN CITY,Thai,4b9b81e0f964a520cb0b36e3,Chilli Club,53.340883191530175,-6.2595569009097956
DUBLIN CITY,Thai,4b2bec95f964a520cfbd24e3,Diep at Home,53.325325,-6.254812
DUBLIN CITY,Thai,4c7d5f825af8b60c9e668f10,Camile Thai,53.333306732332666,-6.291494426112886
DUBLIN CITY,Thai,4ed1410630f81894af5b8c39,Mao at Home,53.32106535531274,-6.234606264465098
DUBLIN CITY,Thai,538a4154498eed7dcdb0a20f,Camile Thai,53.39293636511947,-6.248977048358579
DUBLIN CITY,Vietnamese,50d0caece4b01ebdbbeb691a,Pho Viet,53.352908,-6.260928
DUBLIN CITY,Vietnamese,53187706498e991d5d4d2bd9,Pho Ta,53.34489696592236,-6.26263043488435
DUBLIN CITY,Vietnamese,50506df0e4b030e87ab52f68,Aobaba,53.34880076115092,-6.268863616298785
DUBLIN CITY,Vietnamese,5a217092178a2a17a8b7f5e2,Bun Cha,53.350156,-6.262494
DUBLIN CITY,Vietnamese,4af339e7f964a520e2eb21e3,Saba,53.34122566239105,-6.2620529537427005
DUBLIN CITY,Vietnamese,4af83d9bf964a520910b22e3,Koh Restaurant & Cocktail Lounge,53.34741370636743,-6.2655894268340075
DUBLIN CITY,Vietnamese,5a5fb2d24b78c51e33e5b68c,Páng,53.337584,-6.266389
DUBLIN CITY,Australian,4b857d1bf964a5202c6131e3,FXB Steak & Seafood,53.33731440155261,-6.251954471348828
DUBLIN CITY,Australian,50acd23be4b013e1bd0982c7,Bonza Pies,53.351493110824514,-6.251679407773171
DUBLIN CITY,Australian,4f326fcde4b0e6be3c190db9,Bonza Pies,53.346933,-6.256596
DUBLIN CITY,Belgian,50883963e4b0dbb714d5243e,Fade St. Social,53.341863713517284,-6.263800401605346
DUBLIN CITY,Belgian,4af1e047f964a52007e421e3,The Porterhouse,53.3451586076574,-6.2675166184520785
DUBLIN CITY,Belgian,4af2d5a7f964a520abe821e3,Herbstreet,53.344294,-6.237792
DUBLIN CITY,Czech,4b05afdcf964a520f8e022e3,Pifko Bar,53.345964,-6.28031
DUBLIN CITY,Czech,4af1e047f964a52007e421e3,The Porterhouse,53.3451586076574,-6.2675166184520785
DUBLIN CITY,Czech,54233094498e5f1bd4283cc8,The Bridge 1859,53.329318835781386,-6.231767538771356
DUBLIN CITY,Czech,4b6460e6f964a5206cae2ae3,The Living Room,53.3524847771081,-6.260516187359402
DUBLIN CITY,Czech,4af3163bf964a52087ea21e3,The Czech Inn,53.3448818811167,-6.2679153764345195
DUBLIN CITY,Romanian,4b2cc70df964a52032c924e3,Kingfisher Restaurant,53.351662924141884,-6.26326478251974
DUBLIN CITY,English,5b3a041f9f8a9f002c67299d,The Ivy Dublin,53.34143955129432,-6.258080931322334
DUBLIN CITY,English,4b2a2ceff964a520cba524e3,Darkey Kelly's,53.343936,-6.270008
DUBLIN CITY,English,4af22977f964a52041e621e3,J.W. Sweetman Craft Brewery,53.347156711287845,-6.258359756962221
DUBLIN CITY,English,4b62ed51f964a52038592ae3,Taste!,53.34105076267331,-6.263366235576012
DUBLIN CITY,English,4dd39d83c65b69f9362f031e,Mes Amis,53.34788675944942,-6.264281038331441
DUBLIN CITY,English,4c19178bd4d9c9288270f029,MacTurcaill's,53.34594798524912,-6.2551618952903265
DUBLIN CITY,English,4d6e8223cf4da0905273e5d6,Fortes Take Away,53.359184813917885,-6.26165429040796
DUBLIN CITY,French,4b7a8452f964a5208a2f2fe3,Restaurant Patrick Guilbaud,53.338400469415106,-6.252855856060932
DUBLIN CITY,French,4b6c9070f964a52074432ce3,La Maison,53.3422995150196,-6.262856520015592
DUBLIN CITY,French,4c2f320816adc928da14bd9c,Peploe's,53.33942208131744,-6.25822775296813
DUBLIN CITY,French,4af2a45df964a5201de821e3,Pichet,53.34388447764477,-6.262175956961065
DUBLIN CITY,French,4b755a37f964a520d3072ee3,Chez Max,53.34397019910746,-6.266206328479043
DUBLIN CITY,French,4b3a0504f964a5204e6025e3,Le Bon Crubeen,53.35060833434759,-6.2551265954976865
DUBLIN CITY,French,4b20f99ef964a520be3524e3,Pearl Brasserie,53.3383170390674,-6.253397316992628
DUBLIN CITY,French,4ade0eedf964a520767021e3,La Cave Wine Bar,53.341118114213074,-6.259603809296415
DUBLIN CITY,French,4af875e7f964a520780d22e3,l'Gueuleton,53.34203140473747,-6.264201313017479
DUBLIN CITY,French,4bd2dd63a8b3a593ad98685f,Bang Restaurant,53.33844369158638,-6.25474710537941
DUBLIN CITY,French,4b0c664af964a5207c3c23e3,Dax Restaurant,53.33475878087824,-6.254391740424128
DUBLIN CITY,French,4ade0f48f964a520c47121e3,Fallon & Byrne Restaurant,53.34304146233562,-6.2632656143301935
DUBLIN CITY,French,53ea7518498eaa05418f34c9,Amuse,53.339837516543966,-6.258651211844013
DUBLIN CITY,French,4b293203f964a520c59a24e3,Hugo's,53.33839090074066,-6.254444355110027
DUBLIN CITY,French,4af2d5a7f964a520abe821e3,Herbstreet,53.344294,-6.237792
DUBLIN CITY,French,4ade0f32f964a520727121e3,Roly's Bistro,53.32973219380259,-6.232214125560664
DUBLIN CITY,French,508a72d1e4b0645d65eb6490,Le Petit Parisien,53.34298924119526,-6.2612420151508505
DUBLIN CITY,French,4eb300c293ad2f4d36f70178,La Ruelle,53.34018833464201,-6.258512352825494
DUBLIN CITY,French,53088d0f11d26d7e933993d2,Press Cafe,53.33505764739972,-6.235269426252875
DUBLIN CITY,French,4bdddb13e75c0f4766e2c503,The Wild Goose,53.323305,-6.250069
DUBLIN CITY,French,4f10a338a17ccd56cb0d762e,Avoca Cafe,53.34350678507453,-6.259839814772091
DUBLIN CITY,French,5427dc9e498e2d89dfd40c56,Brother Hubbard South,53.332681727823996,-6.265482324880567
DUBLIN CITY,French,568e4c83498e1773d5fe844c,Little Bird,53.332375,-6.2737164
DUBLIN CITY,French,544e5ab5498eb751fcd287a9,The Wooden Whisk,53.350304,-6.2564692
DUBLIN CITY,French,50d17a39e4b08647fe9dc66f,Goose on the Loose,53.33765634855233,-6.265960813140503
DUBLIN CITY,French,57463098498e28bbbf0cef64,Meet Me In The Morning,53.335427152565735,-6.266161010916348
DUBLIN CITY,French,564e46d4498edada2eba2dbf,Suesey Street,53.33273148349633,-6.25246199337057
DUBLIN CITY,French,4b2a5a7cf964a5209da724e3,Lemon Jelly Café,53.347168753964645,-6.265365503960125
DUBLIN CITY,French,56ffbc7e498e5a389c68c0ed,Fia,53.31740276058032,-6.270351512464999
DUBLIN CITY,French,4dd39d83c65b69f9362f031e,Mes Amis,53.34788675944942,-6.264281038331441
DUBLIN CITY,French,53238256498e33bb299b7d1d,Brookwood Restaurant,53.33791145571863,-6.252599304734478
DUBLIN CITY,French,4af1a76ef964a520dde121e3,Metro Café,53.34117189020092,-6.263089856606339
DUBLIN CITY,French,50e84bb745b01135f30052bc,The French Paradox,53.33018091081431,-6.231942766086345
DUBLIN CITY,French,52835261498eb0c0fc60cb00,Joe's Coffee,53.348833,-6.264125
DUBLIN CITY,French,59ef7c67772fbc137e55fc26,Boeuf,53.342825,-6.262142
DUBLIN CITY,French,565b084c498ef429ad96ddc8,Le Petit Breton,53.36179111907108,-6.259581594933538
DUBLIN CITY,French,4af5a119f964a52093fa21e3,The Food Room,53.363105633147995,-6.219488796755275
DUBLIN CITY,French,4d25d6ef19ff3704e4911170,Matt The Thresher,53.33704987242939,-6.25177301994876
DUBLIN CITY,French,4bd2de2ea8b3a593cb99685f,Bloom Brasserie,53.33374357549518,-6.244836410330085
DUBLIN CITY,French,4ed24bb793ad987b4f492c07,Cinnamon,53.32282860309258,-6.252679824829102
DUBLIN CITY,French,4af48309f964a52056f321e3,Darwins,53.341293050227094,-6.265433250747266
DUBLIN CITY,French,528e701711d2da6dcb610905,The Dawson Brasserie,53.340699646831276,-6.258316133783292
DUBLIN CITY,French,5192144c7dd2a51c5d3d0b00,V'n V Restaurant,53.3405979829018,-6.27000153064727
DUBLIN CITY,French,4b92a090f964a5204d0b34e3,La Peniche,53.33336351840203,-6.248633400215986
DUBLIN CITY,French,4deb520c52b11677f052bfa0,Chesterfields Brasserie,53.34786373193827,-6.290980638043163
DUBLIN CITY,French,571b6f5f498e15fd23ed771d,Girl and the Goose Restaurant,53.32875420198304,-6.230765146815748
DUBLIN CITY,French,532ffa53498ebea7a1a4b16a,Marlborough Cafe,53.34997351395906,-6.2579572464836035
DUBLIN CITY,French,4b5de05ff964a520867129e3,The Gotham Café,53.34113350787257,-6.25955492276421
DUBLIN CITY,Greek,5575882a498e88c35fc6da40,Mykonos,53.344155677236394,-6.266453001917638
DUBLIN CITY,Greek,4e67bdb8d4c0d522463aab96,Corfu Restaurant,53.34471436910504,-6.267357416019023
DUBLIN CITY,Greek,5900e885d7627e48e58ee50f,Kostas,53.344324,-6.265789
DUBLIN CITY,Greek,4c4f3de779ffe21e6104541a,Paulie's Pizza,53.337259766693194,-6.234690803704816
DUBLIN CITY,Greek,4af21867f964a520dbe521e3,Aladdin's Café,53.33381983042452,-6.2459121221713705
DUBLIN CITY,Greek,4af63b0df964a520780222e3,Ray's Pizza,53.344419528407855,-6.262953052465025
DUBLIN CITY,Greek,4af1a76ef964a520dde121e3,Metro Café,53.34117189020092,-6.263089856606339
DUBLIN CITY,Greek,50a7a9c9e4b0370ed085c882,Ramos Greek Bistro & Restaurant Mezze Bar,53.3475524697609,-6.2630267357193405
DUBLIN CITY,Greek,4b5c5016f964a5209d2a29e3,Gourmet Burger Kitchen,53.345395196246706,-6.2633244343585375
DUBLIN CITY,Hawaiian,5c72a2985f68b9002c68ea45,Shaka Poké,53.339764,-6.2612658
DUBLIN CITY,Hawaiian,5c0d1ede46e1b6002c381592,Akaka Poke,53.346875,-6.263222
DUBLIN CITY,Indian,56e47faf498e68353ce67cf6,Pickle,53.333964970781935,-6.2651288667132485
DUBLIN CITY,Indian,4bd2d8a5a8b3a5933f92685f,Montys of Kathmandu,53.34440280795512,-6.264746240541999
DUBLIN CITY,Indian,4ebae03a77c8100292c677cf,Ruposhi Indian Restaurant,53.36190360831677,-6.260117430492428
DUBLIN CITY,Indian,56b75a2a498eab3cc1c52b3d,Kerala Kitchen,53.33385499886855,-6.244952209992049
DUBLIN CITY,Indian,4b48dc33f964a5207c5a26e3,Bombay Pantry,53.364992104034826,-6.239724936066939
DUBLIN CITY,Indian,5116bb73e4b09b369d28ba2b,Kathmandu Kitchen,53.344116363889725,-6.264945721657364
DUBLIN CITY,Indian,4b7e9d3cf964a5207cf52fe3,Govindas,53.348333019460675,-6.2606652542085515
DUBLIN CITY,Indian,4b76c753f964a5208b5e2ee3,Madina Desi Curry Co,53.3485648425116,-6.268150701840927
DUBLIN CITY,Indian,4c992890775abfb788b54267,Kinara Kitchen,53.32583498794115,-6.255525545236027
DUBLIN CITY,Indian,590c9f790a464d19ef4d2bda,Sitar,53.345665,-6.262734
DUBLIN CITY,Indian,4b9c0019f964a520333f36e3,Kinara,53.360789174874355,-6.182811487478271
DUBLIN CITY,Indian,4b48e6a5f964a520815c26e3,Ravi's,53.32981269693705,-6.2324250790551226
DUBLIN CITY,Indian,4b006da1f964a5201c3e22e3,Shan Indian Restaurant,53.344807,-6.263939
DUBLIN CITY,Indian,4b9e847cf964a52001eb36e3,Konkan Indian Restaurant,53.33080982449845,-6.275228432217098
DUBLIN CITY,Indian,4b50bcb8f964a520133027e3,Bombay Pantry,53.322180236166794,-6.267244006222508
DUBLIN CITY,Indian,5159cbe9e4b086af777dfcce,Spice of India,53.34270410072397,-6.262168760242708
DUBLIN CITY,Indian,4c0cfc08d64c0f4741f7255d,Diwali Indian Restaurant,53.34292035684675,-6.264372961850386
DUBLIN CITY,Indian,4ade0f48f964a520c57121e3,Dunne & Crescenzi,53.33294907789372,-6.21494687903829
DUBLIN CITY,Indian,4c780e8181bca093b1c9f814,Spice n Rice,53.35942542554344,-6.261524886532802
DUBLIN CITY,Indian,4d7bb564e04d6ea8b842edd5,Buffet 79,53.35011200819327,-6.262428598484286
DUBLIN CITY,Indian,4ba26254f964a52081f337e3,Namaste India,53.34956137326365,-6.279032883572998
DUBLIN CITY,Indian,4af409b5f964a520e0ef21e3,Jewel in the Crown,53.342799534192785,-6.262106818132378
DUBLIN CITY,Indian,4e6a05bd483bf2d9e606e532,Ambala,53.33283772888008,-6.264927153122437
DUBLIN CITY,Indian,548dd18d498ed29d2bae258e,Siri Indian Cuisine,53.343555920569315,-6.269956399444575
DUBLIN CITY,Indian,4b5b0e4ef964a5202ee128e3,Temple Bar Food Market,53.34501758326336,-6.265356941751806
DUBLIN CITY,Indian,4bd1db34a8b3a5936c8d665f,Jewel in the Crown,53.330574621737114,-6.231898417159927
DUBLIN CITY,Indian,4c309f1fed37a59328186903,Proton House,53.35546615734651,-6.26576084537313
DUBLIN CITY,Indian,4b0fc7c7f964a520d46423e3,Sweet N Spice,53.35700394845652,-6.2641571306921
DUBLIN CITY,Indian,560c2085498e2e2181a3cd84,Aleena Tandoori,53.344618,-6.2642
DUBLIN CITY,Indian,4bf51eff706e20a1d009aa98,Indian Curry Club,53.342739750074294,-6.262175895419261
DUBLIN CITY,Indian,4d60388c9f67f04d9b4876fb,Taste of Everest,53.3377341,-6.251679
DUBLIN CITY,Indian,4b97e66af964a520c51d35e3,Mantraa,53.337599998024665,-6.251853704452515
DUBLIN CITY,Indian,5182955e498e966ce304b89a,Curry and Kebab,53.342803708953355,-6.276685715900081
DUBLIN CITY,Indian,4b5f1d9ef964a520eda629e3,Spice & Rice,53.33601400186241,-6.273285264335229
DUBLIN CITY,Indian,5d77d664b337040007601d5b,Doolally,53.331606,-6.264708
DUBLIN CITY,Indian,4c54800072cf0f473ffca9d4,Bu-Ali,53.33438336211852,-6.274457249165908
DUBLIN CITY,Indian,5345abe3498e77a76cdbbce8,Rasoi Indian To Go,53.32517,-6.254991
DUBLIN CITY,Indian,4cc0b31222ce4688b0f83847,Indie Spice,53.332423776380516,-6.21562137556326
DUBLIN CITY,Italian,4eb99898f5b994cb99b44895,Da Mimmo,53.35734653107336,-6.243005343455378
DUBLIN CITY,Italian,528d27d811d26b17eaddeaaa,Wallace's Asti,53.3588544865113,-6.254449680939047
DUBLIN CITY,Italian,4b7ebf77f964a520a4fc2fe3,Il Vicoletto,53.34463249369145,-6.263743604057853
DUBLIN CITY,Italian,4b6595c9f964a5205df52ae3,Dunne & Crescenzi,53.342152726181155,-6.256548004256803
DUBLIN CITY,Italian,54426aa3498e28f66d4b4353,Dolce Sicily,53.340942,-6.258772
DUBLIN CITY,Italian,51ac9576498e76e3330dea0d,Il Capo,53.35119316524831,-6.251792358914129
DUBLIN CITY,Italian,4c4f3de779ffe21e6104541a,Paulie's Pizza,53.337259766693194,-6.234690803704816
DUBLIN CITY,Italian,4b0bcec5f964a520ca3323e3,Il Fornaio,53.34677273642062,-6.263192542520019
DUBLIN CITY,Italian,4b0060f6f964a5207e3d22e3,Ciao Bella Roma,53.34509779049013,-6.267513969106551
DUBLIN CITY,Italian,5220d50411d2293cbeef1654,Terra Madre,53.34674386710065,-6.261849757652849
DUBLIN CITY,Italian,56754cfb498ec861116926c6,Aperitivo,53.34441563196972,-6.267281046353632
DUBLIN CITY,Italian,57338e54498e8afca1fa859a,Cirillo's,53.33786553071645,-6.252519058698176
DUBLIN CITY,Italian,4afd7223f964a520dd2722e3,Carluccio's,53.34183456866114,-6.2583897787343306
DUBLIN CITY,Italian,4c2f320816adc928da14bd9c,Peploe's,53.33942208131744,-6.25822775296813
DUBLIN CITY,Italian,5643aca5498ed53f6144db4a,Caffe Amore,53.34217628535153,-6.264664742067793
DUBLIN CITY,Italian,59b2e83d47f8761788ad49c7,Forno 500,53.344162556848275,-6.266282819309132
DUBLIN CITY,Italian,4b804502f964a520b66230e3,Enoteca d'Asti,53.358862570182815,-6.254360872078533
DUBLIN CITY,Italian,52c74a5311d25f24c7c571da,Osteria Lucio,53.34011,-6.239318
DUBLIN CITY,Italian,4e2839a3aeb75df8caa99e62,Wallace's Taverna,53.34644254574101,-6.265034409745976
DUBLIN CITY,Italian,5700f986498ed4402814a8b3,Rosa Madre,53.3448742573452,-6.263819740173807
DUBLIN CITY,Italian,565df192498e41c6e7136ff3,I Monelli,53.32988733435199,-6.268703500017617
DUBLIN CITY,Italian,52359c6011d2d4fcaa276407,Doppio Zero,53.34737458117922,-6.26776555224751
DUBLIN CITY,Italian,536f54b1498e2e4d0701fab8,Il Fornaio,53.34430612313669,-6.261965891808409
DUBLIN CITY,Italian,4d6d29d0965b88bfefeca85b,Toto Ristorante Italiano,53.35032828429687,-6.257103990365628
DUBLIN CITY,Italian,533340b1498e0ba1748b2cf4,Fiorentina,53.34419504332779,-6.267323440726006
DUBLIN CITY,Italian,4b6d7612f964a520e1752ce3,Toscana Italian Restaurant,53.34407803814191,-6.267481639851786
DUBLIN CITY,Italian,576da05c498efee0039ce035,Dublin Pizza Company,53.33907389971023,-6.265971953630947
DUBLIN CITY,Italian,4afbcb53f964a520141f22e3,Il Caffè di Napoli,53.34269204964607,-6.250146882932521
DUBLIN CITY,Italian,4b98176ef964a520c22b35e3,Il Segreto,53.33831144879379,-6.25434865858756
DUBLIN CITY,Italian,4b5ca4e6f964a520c33b29e3,Boulevard Café,53.34300654638088,-6.2627863904943
DUBLIN CITY,Italian,4b56088cf964a520e5fc27e3,Café Topolis,53.344363,-6.26734
DUBLIN CITY,Italian,4d723cf8311f6ea8356ed8ea,Casa Pasta,53.36267680228577,-6.218384981603017
DUBLIN CITY,Italian,58dc0cad88cfcc5545560b99,Nolita,53.34246982525929,-6.264786963524928
DUBLIN CITY,Italian,4b697d5af964a52059a42be3,Toffoli,53.34330111335376,-6.269330978393555
DUBLIN CITY,Italian,4af2fde0f964a5209be921e3,Steps of Rome,53.34095526857008,-6.26167064521885
DUBLIN CITY,Italian,5904f4e2f00a703cd1b5cfa8,Zizzi,53.34349013803355,-6.260305627023854
DUBLIN CITY,Italian,56fa738a498e6dd4d5ebc0f6,Dall Italia pasta bar,53.33413199100619,-6.265661278047761
DUBLIN CITY,Italian,4b6497e0f964a52065c02ae3,Enoteca delle Langhe,53.34669276052679,-6.265066221956702
DUBLIN CITY,Italian,58e27e7858c4d15cb301f537,Di Luca,53.336879,-6.263338
DUBLIN CITY,Italian,4ade0f3df964a5209c7121e3,The Unicorn,53.338226021666614,-6.254811326647667
DUBLIN CITY,Italian,4cb5c9ea56fca1cd7e6a5118,The Italian Connection,53.35036410569785,-6.256649022658013
DUBLIN CITY,Italian,566c1714498ed2e93ae45b66,Angelina's,53.334645414807795,-6.244350540548962
DUBLIN CITY,Italian,4ed921d193ad464d26f39f67,San Lorenzo's,53.343287366274055,-6.264452060138871
DUBLIN CITY,Italian,5adf8dc2ca18ea0dfcc42621,Sano Pizza,53.34421678905541,-6.267906054651847
DUBLIN CITY,Italian,4b02f758f964a520824b22e3,Pinocchio,53.32613385462879,-6.2558233677717086
DUBLIN CITY,Italian,4b5c799af964a520933129e3,Picasso,53.35947780438471,-6.195769430339256
DUBLIN CITY,Italian,4bfcfef083bbd13a93e562c5,Mamma Mia,53.33942548808732,-6.244000167350141
DUBLIN CITY,Italian,4c1a65e1b306c928478a60b7,Ristorante Romano,53.34676300831249,-6.2681296540141345
DUBLIN CITY,Italian,4d6629c44bfb2d4308ba3cb4,Terrazzo Italia,53.342176,-6.262121433333333
DUBLIN CITY,Italian,4bb23715eb3e952160b8c90a,Il Fornaio,53.34924689246447,-6.243050536955006
DUBLIN CITY,Italian,5c2cfa91811045002cfc6c5b,Grano,53.351298,-6.282957
DUBLIN CITY,Italian,4af56e11f964a52020f921e3,Er Buchetto Caffe Italiano,53.3242752612848,-6.252605695332623
DUBLIN CITY,Italian,4b33c757f964a520ff1e25e3,Il Posto,53.33967723129224,-6.259301355915857
DUBLIN CITY,Italian,4b608d25f964a52033ed29e3,Piglet,53.34421220851851,-6.268800000200637
DUBLIN CITY,Italian,56ffbb64498e5a57bf33c14e,Pinocchio,53.34469,-6.268174
DUBLIN CITY,Italian,4b195cebf964a520f4db23e3,La Caverna Restaurant and Wine Bar,53.345143937858396,-6.2633058312062175
DUBLIN CITY,Italian,5596e102498e0197b4a84439,Luna,53.34129111232798,-6.264010598450584
DUBLIN CITY,Italian,4c167de296040f477ced72a5,Bar Italia Restaurant,53.346165064104646,-6.264891418380056
DUBLIN CITY,Italian,4b8af0f8f964a520668a32e3,Sandbar,53.35926018171111,-6.196246147155762
DUBLIN CITY,Italian,4ade0f36f964a520807121e3,Milano,53.34055581079059,-6.258688286009715
DUBLIN CITY,Italian,4ade0f48f964a520c57121e3,Dunne & Crescenzi,53.33294907789372,-6.21494687903829
DUBLIN CITY,Italian,4b30c540f964a5207afb24e3,Milano,53.344316,-6.237025
DUBLIN CITY,Italian,4b27e243f964a520b18b24e3,Marios,53.332300873126215,-6.215205127032227
DUBLIN CITY,Italian,4c6b03bf91d19521364118c8,Credo,53.33665757730204,-6.264126809490993
DUBLIN CITY,Italian,4b2a5a7cf964a5209da724e3,Lemon Jelly Café,53.347168753964645,-6.265365503960125
DUBLIN CITY,Italian,4b1918dbf964a520f4d723e3,Bel Cibo,53.348569134862096,-6.278632467740171
DUBLIN CITY,Italian,4b9f5773f964a520751d37e3,Caffe Cagliostro,53.34669444924489,-6.265086070560429
DUBLIN CITY,Italian,53a6c6f1498e183ecb2fec8a,Rosie's Cafe,53.34299161680656,-6.269940311163315
DUBLIN CITY,Italian,4b522869f964a5203e6c27e3,Milano,53.345529,-6.264818
DUBLIN CITY,Italian,4e04de97aeb771d9788243d8,Milano,53.32506855639537,-6.254135063450917
DUBLIN CITY,Italian,52868e6a498ed40b9df56b94,Drury Buildings,53.34189501621222,-6.263411641278589
DUBLIN CITY,Italian,52dd4d27498ec2361514b507,147 Deli,53.35341005820966,-6.25980695328295
DUBLIN CITY,Italian,4b263306f964a520197924e3,Listons,53.33488934004746,-6.265121028735691
DUBLIN CITY,Italian,5474c3ea498ec6af995bc59d,Sophie's,53.33518970237779,-6.263645767903654
DUBLIN CITY,Italian,4c91051f7088a143de73ad43,Bellucci's,53.328631254789364,-6.229506760826141
DUBLIN CITY,Italian,4af413cdf964a520fcef21e3,Coppinger Row,53.342077416164926,-6.26210822773242
DUBLIN CITY,Italian,4bcee45cb6c49c74f3c39791,Mario's,53.324986,-6.254391
DUBLIN CITY,Italian,4c7a5f9e566db60c3cbe470e,Bar Italia,53.34921527716701,-6.2433933450292916
DUBLIN CITY,Italian,4e4d44cb8877d762630bceb5,Don Mimi,53.35729,-6.242905
DUBLIN CITY,Italian,5ae5bbf68ad62e002c8d5333,Wood Fire Cafe,53.356205,-6.265698
DUBLIN CITY,Italian,4ca4da5fa73cb60ce8b32478,Mamma Mia,53.3475796520168,-6.263236999511719
DUBLIN CITY,Italian,546df571498e2e24993c2dad,Caffé Comino,53.34318542480469,-6.27616024017334
DUBLIN CITY,Italian,4b42495ff964a520bfd025e3,Dall'Italiano,53.366534591219704,-6.271874164650705
DUBLIN CITY,Italian,4b65956af964a5204ef52ae3,Mona Lisa Restaurant,53.345945,-6.2571726
DUBLIN CITY,Italian,4ade0f4af964a520d17121e3,La Dolce Vita,53.3417463655771,-6.307783325351368
DUBLIN CITY,Italian,4b277424f964a520908624e3,Al Boschetto,53.32915126228909,-6.231104535094364
DUBLIN CITY,Italian,4b1a69d2f964a52007ea23e3,O'Briens Sandwich Cafe,53.340100040780314,-6.262186785510419
DUBLIN CITY,Italian,4b278515f964a520108724e3,Antica Venezia,53.32430340065113,-6.252744941189423
DUBLIN CITY,Italian,4b731ab7f964a520b29b2de3,Papa Mio's - Toni's Takeaway,53.34250014380867,-6.293207020837906
DUBLIN CITY,Italian,4b13cc01f964a5203f9923e3,La Pizza,53.35099183514287,-6.26066396520283
DUBLIN CITY,Argentinian,4bc5b74f6936952151608488,Bondiola,53.334849447183586,-6.24245227998773
DUBLIN CITY,Argentinian,4b17bbedf964a5209bc723e3,Buenos Aires Grill,53.340769179854576,-6.268389802735224
DUBLIN CITY,Argentinian,50eefe47e4b02636f5b8cfc5,South American Shop,53.34422118742086,-6.264713994806728
DUBLIN CITY,Argentinian,4f776acee4b08f9be59484a8,Blazin' Burritos,53.33004790300481,-6.277646794769423
DUBLIN CITY,Brazilian,50c9d4e8e4b047cd3985695f,Feijoadão,53.344719755080526,-6.264285968391362
DUBLIN CITY,Brazilian,5a634fce535d6f219cb6f038,Café Mineiro,53.345214097830514,-6.262866447303501
DUBLIN CITY,Brazilian,570a5d2d498efb0eb939d232,Sabor Nordestino,53.35112292440372,-6.263238072882104
DUBLIN CITY,Brazilian,58cc013e6c682b5ee132f695,Fusion Brazilian Grill,53.34740218895924,-6.263026583806519
DUBLIN CITY,Brazilian,551bd56b498e7780c4b6c4b8,Bookafé,53.355456293390084,-6.265762412573929
DUBLIN CITY,Brazilian,52835261498eb0c0fc60cb00,Joe's Coffee,53.348833,-6.264125
DUBLIN CITY,Brazilian,5bb892cfc36588002cb1d207,Benvindo,53.352531,-6.249817
DUBLIN CITY,Brazilian,5b26ab8047f87600393f4f04,Wasabi Bar & Grill,53.357773,-6.263126
DUBLIN CITY,Brazilian,5215fe5311d2e14934e2c2fb,Samba Brazilian Restaurant & Steak House,53.35558878092542,-6.265689187789985
DUBLIN CITY,Brazilian,5d473fe57928f300085eaec2,Fabi’s Grill,53.350226,-6.267073
DUBLIN CITY,Brazilian,4b2397b5f964a520065724e3,Nick's Coffee Company,53.32734115320615,-6.25479498160051
DUBLIN CITY,Brazilian,5cd68a7d947c05002c5c8a4f,Padoca Dublin,53.351772,-6.2690325
DUBLIN CITY,Brazilian,4b2d7258f964a520d9d624e3,Dicey's Garden,53.33585805331403,-6.263961320677308
DUBLIN CITY,Brazilian,4ee6413ce4b0f3c52da175c6,U Café,53.343069,-6.290527
DUBLIN CITY,Brazilian,581ca29ecb2566059e40b1ff,Three Spirits Bar & Grill,53.35055652990371,-6.269898320047064
DUBLIN CITY,Moroccan,4bd2db26a8b3a5937795685f,Dada Restaurant,53.341258489025016,-6.263038567176127
DUBLIN CITY,Moroccan,4af413cdf964a520fcef21e3,Coppinger Row,53.342077416164926,-6.26210822773242
DUBLIN CITY,Moroccan,4c51d0242543a5932a2c8384,El Bahia,53.34278,-6.260694
DUBLIN CITY,Moroccan,4e46e51762e148603b795b14,El Bahia Moroccan Restaurant,53.342751583907805,-6.260735600356758
DUBLIN CITY,Mexican,5c7ecd03da2e00002c486549,El Grito Mexican Taqueria,53.35739,-6.256618
DUBLIN CITY,Mexican,4cf39956899c6ea86048fcc1,Pablo Picante,53.340885,-6.263057
DUBLIN CITY,Mexican,5749f1ae498e18da8ec4b45b,El Patron,53.350662,-6.2708497
DUBLIN CITY,Mexican,4f32e1dae4b06e8ecb5653a9,777,53.34322970489778,-6.264436129273385
DUBLIN CITY,Mexican,4b8fadbff964a520b85c33e3,Boojum,53.34737100048361,-6.265437556567062
DUBLIN CITY,Mexican,50c0acdbe4b06a4d403486d9,Pablos Tortas,53.34081062424961,-6.263191133649519
DUBLIN CITY,Mexican,503224d8e4b07f473b1be4ef,Pablo Picante,53.345666717717485,-6.26193634303211
DUBLIN CITY,Mexican,5491f838498e664c8de3a566,Xico,53.33791902130906,-6.252706059790394
DUBLIN CITY,Mexican,5c1fa31a4c954c002c697605,Juanitos,53.34273,-6.263052
DUBLIN CITY,Mexican,5b57907d037be1002bd989a7,Masa,53.341452,-6.263895
DUBLIN CITY,Mexican,53b558e9498efbd69a842e3a,Boojum,53.33765637214633,-6.266830148203158
DUBLIN CITY,Mexican,55a8f200498eca4759ccddeb,El Grito,53.345783,-6.26294
DUBLIN CITY,Mexican,4b7bf2b6f964a52047752fe3,Pablo Picante,53.33753094382112,-6.251414834377379
DUBLIN CITY,Mexican,5ac1240e5f68b97e45f68f02,The Hungry Mexican,53.346464,-6.26139
DUBLIN CITY,Mexican,4b5b0e4ef964a5202ee128e3,Temple Bar Food Market,53.34501758326336,-6.265356941751806
DUBLIN CITY,Mexican,4b3ba516f964a520e27725e3,Acapulco Restaurant,53.34356129517708,-6.26443871502347
DUBLIN CITY,Mexican,4b2289b0f964a520974824e3,Lemon Crêpe & Coffee Company,53.342942702253495,-6.262089080976415
DUBLIN CITY,Mexican,4ade0f06f964a520ce7021e3,Cactus Jacks,53.34711134669858,-6.265324714665813
DUBLIN CITY,Mexican,57125bb0498e1c30beba1cf6,Boojum,53.348627607871194,-6.25885128566537
DUBLIN CITY,Mexican,5017dd32e4b06e41966c8a5a,Saburritos,53.34992221497285,-6.259645971369991
DUBLIN CITY,Mexican,4f561c9ce4b0b1a430cd2ba2,Mama's Revenge,53.34208218403966,-6.253655674247183
DUBLIN CITY,Mexican,59e796441ffe973e32b2195d,Boojum,53.34433016754471,-6.2374962994606
DUBLIN CITY,Mexican,56f283dd498e3e22fd1e1961,Zambrero,53.333787105429465,-6.261518329237042
DUBLIN CITY,Mexican,542405e1498e6c3908344ab2,Little Ass Burrito Bar,53.321589110715,-6.2667087327804
DUBLIN CITY,Mexican,5923d7f90d2be70573f5c755,Zambrero,53.343695,-6.247475
DUBLIN CITY,Mexican,547483a4498efc23658addd1,Mission Mexican Street Food,53.34681930812217,-6.263197232153089
DUBLIN CITY,Mexican,4af2d5a7f964a520abe821e3,Herbstreet,53.344294,-6.237792
DUBLIN CITY,Mexican,5a341765029a553305f9bd1b,Boojum,53.34826218970272,-6.2783851085084486
DUBLIN CITY,Mexican,5ab3ab5e12c8f048684317dd,Boojum,53.34303451566834,-6.264444214348723
DUBLIN CITY,Mexican,4e173f096284ea7246ec4a2f,Tolteca,53.33315483482381,-6.243353657504587
DUBLIN CITY,Mexican,593ebeda2ebb34774f608d3f,Boojum,53.33368853923807,-6.2462320187447355
DUBLIN CITY,Mexican,4afdc90af964a520d92a22e3,Mexico to Rome,53.3454958571999,-6.26426105806709
DUBLIN CITY,Mexican,5b1c23993d4791002c62dfdc,Salsa Authentic Mexican Food & Bar,53.349893,-6.243234
DUBLIN CITY,Mexican,5bed6f8e446ea6002d1e0665,Salsa,53.349617,-6.2433653
DUBLIN CITY,Mexican,50d6f871e4b06651d86daac9,Tolteca,53.343416093232634,-6.260087623720316
DUBLIN CITY,Mexican,5ace3729446ea60daa76f8db,Boojum,53.349380952194316,-6.243416888952545
DUBLIN CITY,Mexican,4e84cd29d22da6d0e39a5c61,Burritos & Blues,53.34928619299484,-6.244376231276677
DUBLIN CITY,Mexican,4b14291cf964a520419e23e3,The Alamo,53.34564113596258,-6.261974767550098
DUBLIN CITY,Mexican,5427dc9e498e2d89dfd40c56,Brother Hubbard South,53.332681727823996,-6.265482324880567
DUBLIN CITY,Mexican,574b1fc2498ee450086d0e0a,Saburritos,53.34413820003402,-6.2650720835667535
DUBLIN CITY,Mexican,4b82f3c9f964a5201def30e3,Taco Taco,53.347683,-6.262916
DUBLIN CITY,Mexican,4c595bd9f346c9288d464cca,Burritos & Blues,53.33748405756773,-6.265650550904026
DUBLIN CITY,Mexican,53bd9cdb498e506ba7213873,bojum,53.337724410141874,-6.266849659175972
DUBLIN CITY,Mexican,54dcc071498e03fa29876e33,Tolteca,53.323227996156916,-6.26560913487961
DUBLIN CITY,Mexican,5afef93d0802d4002c0e89dc,Pablo Picante,53.340154,-6.258666
DUBLIN CITY,Mexican,52ac724e498e380f50ee4b90,El Gringo Burrito,53.33995084977767,-6.260793715931649
DUBLIN CITY,Mexican,5b0edfa7b1ec13002c5fbcfc,Boojum,53.343139,-6.276175
DUBLIN CITY,Mexican,52a76e2011d2608230159c5c,Belly Bites,53.343032058798975,-6.2764044049432135
DUBLIN CITY,Lebanese,4b6845b0f964a520076f2be3,Rotana Café,53.330376,-6.2642016
DUBLIN CITY,Persian,4af1a997f964a520f6e121e3,Zaytoon,53.34488420337787,-6.267423820722443
DUBLIN CITY,Pakistani,4b76c753f964a5208b5e2ee3,Madina Desi Curry Co,53.3485648425116,-6.268150701840927
DUBLIN CITY,Polish,57af6f81498e4bc46e9f8be7,Sopot,53.357371,-6.256776
DUBLIN CITY,Polish,4b6460e6f964a5206cae2ae3,The Living Room,53.3524847771081,-6.260516187359402
DUBLIN CITY,Portuguese,4e650d6ba80951b3199d2e8b,Nando's,53.34882883,-6.2672521
DUBLIN CITY,Portuguese,4af480b7f964a5203cf321e3,The Port House,53.342885461090326,-6.262079675075455
DUBLIN CITY,Portuguese,4d4bff52a22c224b7d44f593,The Counter,53.34336683264455,-6.260034969301046
DUBLIN CITY,Portuguese,5481fb53498e2f6041a68a84,Nando's,53.39233338,-6.250452
DUBLIN CITY,Russian,50d17a39e4b08647fe9dc66f,Goose on the Loose,53.33765634855233,-6.265960813140503
DUBLIN CITY,Russian,4c79004c93ef236af6f6ad0f,Admiral Restaurant,53.35242916581768,-6.258837263955961
DUBLIN CITY,Russian,4af2c6f1f964a52076e821e3,Dylan Hotel,53.33371867679343,-6.241937727174799
DUBLIN CITY,Russian,4b257a6cf964a520987224e3,The Jar,53.33699204431926,-6.265688250393733
DUBLIN CITY,Scottish,4b589535f964a5207a5f28e3,Murray's Bar,53.35241933684694,-6.261255837061307
DUBLIN CITY,Spanish,4af480b7f964a5203cf321e3,The Port House,53.342885461090326,-6.262079675075455
DUBLIN CITY,Spanish,4af1fed4f964a52001e521e3,The Port House Pintxo,53.345161687416145,-6.264965488369995
DUBLIN CITY,Spanish,517bd0cde4b028cb9d9812c4,Viva,53.33081792231435,-6.2644362458308125
DUBLIN CITY,Spanish,4d7fd9a5e7e1721edc53fa0b,La Bodega,53.32407420573651,-6.251773712393442
DUBLIN CITY,Spanish,51783f96498ec47ae0539bb4,Las Tapas de Lola,53.33692,-6.26549
DUBLIN CITY,Spanish,4ade0f0af964a520e67021e3,The Market Bar,53.342327837419155,-6.263994486940162
DUBLIN CITY,Spanish,4b608d25f964a52033ed29e3,Piglet,53.34421220851851,-6.268800000200637
DUBLIN CITY,Spanish,53b6d444498ef8731fe00319,Two Fifty Square,53.32535301754855,-6.266170841131137
DUBLIN CITY,Spanish,4ade0ef1f964a520847021e3,Bailey Bar Dublin,53.341963651257714,-6.259444794513737
DUBLIN CITY,Spanish,4b2bc7faf964a520daba24e3,Salamanca,53.34362283581743,-6.261562510723022
DUBLIN CITY,Spanish,4ade0f06f964a520ce7021e3,Cactus Jacks,53.34711134669858,-6.265324714665813
DUBLIN CITY,Spanish,4d6ec804f7016a3158b4e767,La Paloma,53.3456789775217,-6.262459920882899
DUBLIN CITY,Spanish,50509c5ee4b052774b9e0350,Peperina Garden Bistro,53.32100419018638,-6.256584697902901
DUBLIN CITY,Spanish,5085671ee4b068d89e1ff5b6,Asador,53.334621,-6.243826
DUBLIN CITY,Spanish,4d270f8d55a8b60c901cc0c0,Café Bar H,53.34366530418776,-6.238594425888983
DUBLIN CITY,Spanish,4ef244b7f9ab11b14e9ecbc1,El Toro Bravo,53.33084492955587,-6.26441209277021
DUBLIN CITY,Spanish,4afb1fe7f964a5205a1b22e3,The Good Bits,53.34960121884682,-6.252399098599014
DUBLIN CITY,Swiss,4f31ab27e4b02344c3057dc7,Kort's Dinner Table,53.36613753793527,-6.228301058144316
DUBLIN CITY,Turkish,5427dc9e498e2d89dfd40c56,Brother Hubbard South,53.332681727823996,-6.265482324880567
DUBLIN CITY,Turkish,532aec6a498e8321f80875df,Turkish Pizza & Kebab,53.34721674546795,-6.26822869755415
DUBLIN CITY,Turkish,5173df34498e908f7171b658,İstanbull Kebab & Pizza,53.35068371594879,-6.255038357801062
DUBLIN CITY,Turkish,4c94f10594a0236ac63f9112,Ephesus Kebabs & Pizzas,53.347214,-6.2681866
DUBLIN CITY,Turkish,4fda0049e4b040461ca28c55,The Fumbally,53.33703902062517,-6.272902048559231
DUBLIN CITY,Turkish,57463098498e28bbbf0cef64,Meet Me In The Morning,53.335427152565735,-6.266161010916348
DUBLIN CITY,Turkish,4afb620bf964a520861d22e3,Iskanders,53.344182626537204,-6.263574950893551
DUBLIN CITY,Turkish,51e33710498eaaa8b464dd58,Istanbel Kebab,53.34749587104182,-6.263396431762203
DUBLIN CITY,Turkish,4b6845b0f964a520076f2be3,Rotana Café,53.330376,-6.2642016
DUBLIN CITY,Turkish,55f44076498e0ea3a1612725,Pasha Restaurant,53.35712955623719,-6.264175772666931
DUBLIN CITY,Turkish,56eab010498e24bf3f66943f,Alper Turkish Cuisine,53.350143,-6.257433
DUBLIN CITY,Turkish,5a79c99e4ac28a57d6fa3000,Kumpir Cafe,53.347154,-6.261003
CORK COUNTY,American,4b5320faf964a520be8f27e3,Gourmet [Burger] Bistro,51.90101903564937,-8.470291143891172
CORK COUNTY,American,4ba77a35f964a520db9639e3,Captain America's,51.898250083556626,-8.477254987873975
CORK COUNTY,American,584fdbd933a2454ad8364e3a,Tradehouse Central,51.88813,-8.593107
CORK COUNTY,American,525be31111d2b6e3b03c86ee,Ruths Diner,51.899065215519585,-8.448854481230695
CORK COUNTY,American,56648148498e3f71fe7ff35c,Rocket's by Eddie Rocket's,51.877959,-8.436305
CORK COUNTY,Chinese,4c3754b00a71c9b6019e3ec9,Yuan Ming Yuan,51.897052808489654,-8.473059994526842
CORK COUNTY,Chinese,4db9d25193a080554828249a,Wylam Chinese Restaurant,51.89272701872424,-8.504765790275481
CORK COUNTY,Chinese,4c029aef30229521c86ede81,Great Wall Chinese Restaurant,51.885683504836244,-8.608474731445312
CORK COUNTY,Chinese,4c8e51d5ad70a1439f9f880f,Louie Yang's Buffet Chinese Restaurant,51.899938,-8.478728
CORK COUNTY,Chinese,530624df11d237f496910674,Beijing Taste,51.89986982088401,-8.47852217466924
CORK COUNTY,Chinese,4cb77b3a9552b60cf83ac58b,The Mongkok,51.893766,-8.484842
CORK COUNTY,Chinese,4d42c8a658e9b1f7d899dcce,Aroma,51.8995497,-8.47258232
CORK COUNTY,Chinese,4ebae4bf6c25faf0a50d6b78,Wilton Willow,51.88133341713938,-8.510393244269725
CORK COUNTY,Chinese,4ba1100bf964a520fa9337e3,Pearl River,51.896727954195065,-8.472819328308105
CORK COUNTY,Chinese,4c7ff722dc018cfad048b86c,Royal Palace,51.88604152904471,-8.488552444356216
CORK COUNTY,Chinese,4db47674f7b121c29f4c4e36,Jumbos,51.88369321625597,-8.487747498781271
CORK COUNTY,Chinese,4baa5012f964a520e05d3ae3,Royal Pacific,51.8136294250977,-8.391838073730469
CORK COUNTY,Chinese,4ce15e11c4f6a35dd6ebda6c,Tung Sing,51.89917541583938,-8.471095293309563
CORK COUNTY,Chinese,4bf2e37294af2d7f90de3872,New Golden House Chinese restaurant,51.852834,-8.869918
CORK COUNTY,Japanese,5501ee08498e47a7d8315954,Miyazaki Japanese Take Away,51.894730947857774,-8.47629651075571
CORK COUNTY,Japanese,51ced4a7498efab4ef7b7f78,Sakura,51.901630627101724,-8.469392402495934
CORK COUNTY,Japanese,4b7c1ff9f964a520657e2fe3,Dashi Sushi & Noodle Bar,51.89753480543009,-8.471749948823483
CORK COUNTY,Japanese,53cab3ae498e310834c600a6,Wabisabi,51.8976435448331,-8.472553946668121
CORK COUNTY,Japanese,567ac4a0498ea45d2851304e,Maki Sushi Rolls,51.897692,-8.474216
CORK COUNTY,Japanese,56bdd0c0498e840bee08f317,Soba,51.91646289802308,-8.472465654329906
CORK COUNTY,Malay,564223eb38fa012316ea29e1,FLAME,51.901096,-8.503027
CORK COUNTY,Malay,5e36f4bd922ecd0007f96228,Kaya Asian Bites,51.898873,-8.475843
CORK COUNTY,Malay,54da05c6498ed9d2b3121648,chili padi,51.89619260651871,-8.472140816351903
CORK COUNTY,Thai,53c66605498eed46c6d28489,Ramen,51.88906693253391,-8.506502303262021
CORK COUNTY,Thai,4b3cf513f964a520828a25e3,Suko Thai,51.932987931131635,-8.56581976186129
CORK COUNTY,Thai,533dbece498ee6094a0bb44d,Golden Elephant,51.87641906738281,-8.440024375915527
CORK COUNTY,Thai,4f84281ae4b05b0094649fc5,Thai Irish,51.90959127284128,-8.256316681947565
CORK COUNTY,English,4c4034e5520fa59378abc7ac,O'Flynns Gourmet Sausage Co,51.898175107515165,-8.47059436013594
CORK COUNTY,French,4c265c55a852c928e584e66c,Greenes Restaurant,51.901757470142634,-8.468121046133607
CORK COUNTY,French,4cfe97637945224b177e96e7,Jacques,51.898128215318046,-8.46977703006279
CORK COUNTY,French,4c24ed6ba852c92817f3e36c,Les Gourmandises,51.8972213720295,-8.471441268467688
CORK COUNTY,French,56715c7c498e9b15cf6246cf,Ali's Kitchen,51.89940284833697,-8.474506517890072
CORK COUNTY,Indian,50fff55ae4b0176c75473fec,Iyers,51.90099276529121,-8.475838447780033
CORK COUNTY,Indian,4bd08b44a8b3a5934a17645f,Lal Quila,51.876888381282185,-8.435611724853516
CORK COUNTY,Indian,4c1b619f63750f47c3b8b467,Bombay Palace,51.897420976993445,-8.471592883640241
CORK COUNTY,Indian,4ba7f01af964a52030c039e3,Spice of India,51.8798552198833,-8.516590357322693
CORK COUNTY,Indian,4d236099b69c6dcbc0d68a95,Spice Route,51.90165999985039,-8.469573855400085
CORK COUNTY,Indian,589b6115561ded075ec4e982,Thali,51.90145,-8.476544
CORK COUNTY,Indian,51f6b7d8498e5eb862ba107d,Spice Inn,51.899556,-8.478204
CORK COUNTY,Indian,4b37d118f964a520b94625e3,Eastern Tandoori,51.900543,-8.471957
CORK COUNTY,Indian,4cd5a30967adf04df9732e91,Haveli,51.876316735287844,-8.440048412043398
CORK COUNTY,Italian,579ca1bf498e4517b2534d7e,Il Tiramisu,51.89494969212689,-8.478803824692752
CORK COUNTY,Italian,4ebc25ef4901a730a8d72f36,La Dolce Vita,51.89504975924955,-8.478552559979123
CORK COUNTY,Italian,552972f2498ea4c3e3957f94,Pompeii Pizza,51.901384176581956,-8.482312556324166
CORK COUNTY,Italian,51ce1649454ab77e4efdffd7,Napoli Italian delicatessen/cafe',51.84704300767401,-8.334283232688904
CORK COUNTY,Italian,4ba7faf4f964a520d9c339e3,Il Padrino,51.89704441897505,-8.471435654761589
CORK COUNTY,Italian,50ae8d2ee4b00b39bc2842b2,Bruno's,51.703833388719985,-8.521826069008053
CORK COUNTY,Italian,4e1c1ffb62e11cdc743f1407,Gallo & Galetti,51.88083314469327,-8.512045762512694
CORK COUNTY,Italian,4c5ff561832fa593077deed3,Pizza San Marco,51.915652914502736,-8.173797333746055
CORK COUNTY,Italian,4b6b365ef964a520e8f92be3,Ristorante Rossini,51.89713824051016,-8.473125457376016
CORK COUNTY,Italian,4b76ca67f964a520555f2ee3,Butlers Chocolate Café,51.89794991177399,-8.47071869776603
CORK COUNTY,Italian,4cc0797597bc721e3bb38b67,Bacco Ristorante Italiano,51.8875293547457,-8.589667945102502
CORK COUNTY,Italian,4c49dbb69f2ad13a87c1de53,The Plaza,51.88714036218283,-8.588004112243652
CORK COUNTY,Italian,4bef33ec2ff520a15647e8a2,Uncle Pete's,51.90136661880435,-8.476610062412428
CORK COUNTY,Italian,4bcdb9090687ef3b094be1cc,Ristorante Casanova,51.89967310332346,-8.478302132640255
CORK COUNTY,Italian,57373d53498edc94a07d5be9,Hey presto,51.898956,-8.475561
CORK COUNTY,Italian,54d3d651498e241684db6061,Marcello's,51.8771313935672,-8.435684983900984
CORK COUNTY,Italian,56857c3c498eaff17c7bf32c,Olivo Italian Eatery,51.84795780655749,-8.486283004349243
CORK COUNTY,Italian,50183afee4b0baa6b6310a30,Novecento Pizza,51.90163406684123,-8.469308064143572
CORK COUNTY,Italian,5c16a95fb77c77002c2365e2,BURNT,51.896784,-8.472924
CORK COUNTY,Italian,4ec79c5ed3e3e131f25cc6db,Sorrento,51.88631668084717,-8.395175978783957
CORK COUNTY,Italian,4c6c025de6b7b1f77bc2a58e,Ristorante Romano,51.81407525280392,-8.391551774286441
CORK COUNTY,Italian,4c1d1830b9f876b0ff037d46,Cafe Bella,52.137795033864556,-8.277944078802468
CORK COUNTY,Italian,4c24952fb7b8a5932ca33ce8,Subway,51.8879781,-8.5874559
CORK COUNTY,Brazilian,5debab23775cb40008e65bdf,Sabor Nordestino,51.897755,-8.476058
CORK COUNTY,Brazilian,5a915bd8d1a40270d1c277ee,Mercadinho,51.89317,-8.479313
CORK COUNTY,Moroccan,5074567fe4b04872e9f65ac2,ORSO Kitchen & Bar,51.897517823472626,-8.469910786742968
CORK COUNTY,Mexican,59652dc8135b3919fcfc1faf,Tequila Jacks,51.898659,-8.464478
CORK COUNTY,Mexican,4b5b41d6f964a520f3ee28e3,Café Mexicana,51.89884096106777,-8.473735586742357
CORK COUNTY,Mexican,52d6c09c498e41e955a8bb72,Burritos & Blues,51.89936138610885,-8.474529255268695
CORK COUNTY,Mexican,58a08134fd2716350cfb8b45,Boojum,51.89842090026413,-8.470647380814585
CORK COUNTY,Polish,55f4246f498ecab71e3e2109,Comix Bistro,51.89873955252778,-8.468773192485267
CORK COUNTY,Polish,54189d8b498efb83a45f1cbc,Crazy Kebab,51.90169494133485,-8.469993940974275
CORK COUNTY,Portuguese,5651e7d8498edd9079dcfdc7,Nando's,51.89932282,-8.47361104
CORK COUNTY,Portuguese,4d41d7bc48cea35dd56d2bf7,Nando's,51.8865479,-8.3945518
CORK COUNTY,Portuguese,4b4a936cf964a520f18a26e3,Cork Coffee Roasters,51.90151435344513,-8.470158587760382
CORK COUNTY,Spanish,4b51b0b1f964a520b35227e3,East Village,51.87776621123088,-8.434025125334639
CORK COUNTY,Spanish,545e875d498eb299106b0973,Tedo,51.897116,-8.473075
CORK COUNTY,Spanish,4b50be14f964a520673027e3,El Vino,51.8772775222371,-8.434788728493174
CORK COUNTY,Turkish,4b902801f964a5200b7933e3,The Istanbul,51.89735299392588,-8.473801352707968
CORK COUNTY,Turkish,4f30306de4b0dbffdf1a549a,Turkuaz Turkish Kebab & Pizza House,51.89775085449219,-8.477583885192871
CORK COUNTY,Turkish,5b75ab6bdd12f8002c4b48d7,Sultan Delight,51.901427,-8.468843
FINGAL,American,4bb4daf4bc82a5935bf33e72,Eddie Rocket's,53.45446202848115,-6.223550364418088
FINGAL,American,4ba6339df964a520293b39e3,Scotch Bonnet,53.44995254651491,-6.153570446904934
FINGAL,American,52a8b4fe11d2c4d0fff4879b,Hogs & Heifers,53.44548174444728,-6.224090071772181
FINGAL,American,5cb5120561f070002b514b4e,Five Guys,53.455146,-6.21905
FINGAL,Chinese,4d24bfed75526dcb37020da9,Jade Palace,53.471519494506005,-6.234041732311691
FINGAL,Chinese,4c0bdc6affb8c9b69fda6d61,The Plaza Chinese Restaurant,53.45674502023085,-6.22042257685108
FINGAL,Chinese,4d7d45427498a1cde7068dfc,Riverside Chinese Takeaway,53.45281163496036,-6.244119688990405
FINGAL,Chinese,4d62a96fd979ba7af706dfc7,The Orchid Chinese Restaurant,53.451298,-6.153699
FINGAL,Japanese,585978ad469aef71f115c6fb,J2 Sushi & Bento,53.455627,-6.2221575
FINGAL,Thai,4b2cf82af964a52080cb24e3,Siam Thai,53.452138238328835,-6.153222025049667
FINGAL,Thai,4b589bb8f964a520ff6028e3,Pink Elephant Thai Restaurant,53.458025,-6.219522
FINGAL,Thai,4ece8382775bbb5f30b586df,Sanuk Thai,53.46040308869997,-6.218518275590363
FINGAL,French,4ade0f38f964a520887121e3,Bon Appetit,53.45155825222696,-6.151650237462347
FINGAL,French,4b7fee6cf964a520284530e3,La Croissanterie,53.453892,-6.219212
FINGAL,Indian,4b1d4020f964a520a50d24e3,Indie Spice,53.45713317954254,-6.219914806615542
FINGAL,Indian,4b9cd6e5f964a520237e36e3,Kajjal,53.45212508184929,-6.1549291088611815
FINGAL,Indian,4b103fc3f964a5203a6c23e3,Chillishaker,53.458051,-6.221348
FINGAL,Italian,59417d3161f070073d84e67b,Pomodorino,53.45697,-6.21953
FINGAL,Italian,4af2e203f964a520f5e821e3,Masterson's Steak House,53.458518431713976,-6.220129703322763
FINGAL,Italian,4b2cf7d3f964a5207acb24e3,Il Sorriso,53.451690406655985,-6.153752508387976
FINGAL,Italian,4c2c9103d1a10f47c49bf964,That's Amore,53.45187781580589,-6.152428116063662
FINGAL,Italian,4d623bdcd979ba7acfb8dbc7,Giovanni's,53.4520461275705,-6.152404220039756
FINGAL,Italian,4bd72b0509ecb7138f48467c,Mario's,53.452064767299504,-6.153944378047133
FINGAL,Italian,4d12c0a1f898b1f76961db81,Apache Pizza,53.456254143861194,-6.2210121400922045
FINGAL,Italian,51d44395498e147a981eaa57,Wine & Deli Bar,53.425616806214485,-6.240523896886251
FINGAL,Italian,5a3a817a029a550551ddd213,The Italian Kitchen,53.41198760270909,-6.218605041503906
FINGAL,Italian,5a5c91055455b2768becafd5,The Italian Kitchen,53.41162948138638,-6.218208074569702
FINGAL,Italian,4d876a53651041bd88119b30,Subway,53.445404770692434,-6.224351576486852
FINGAL,Italian,4bd5bf427b1876b024418b86,Little Venice,53.404296799378564,-6.240355179179398
FINGAL,Spanish,4b093562f964a520b71423e3,Gourmet Food Parlour,53.463482230883365,-6.217652274905701
SOUTH DUBLIN,American,4ce13b9ef8a4a143cd44e9bc,Eddie Rocket's,53.28240031574487,-6.422955271163914
SOUTH DUBLIN,American,4c63f71186b6be9a93c48f34,Eddie Rocket's,53.2866313,-6.3731824
SOUTH DUBLIN,Chinese,4cf9493f7945224b1cf878e7,Tamara,53.286140205122415,-6.376200914382935
SOUTH DUBLIN,Chinese,4dd91c44d1647fcf3e72dd2f,Pattaya Thai Chinese Restaurant,53.32839471450294,-6.396037420158416
SOUTH DUBLIN,Chinese,4cdaf58fa1bba35dffd991e5,The New Leaf,53.287585,-6.365797
SOUTH DUBLIN,Chinese,4deea81e18380c912df6e6f1,Choices Chinese Take-Away,53.28818954650742,-6.363748499036419
SOUTH DUBLIN,Chinese,4e062db81838eb15aef932be,Caravel,53.31338996591059,-6.393171319562427
SOUTH DUBLIN,Chinese,4cdc443d39172d43109e83d8,Fortune Chinese Takeaway,53.27562214897887,-6.330688580790039
SOUTH DUBLIN,Chinese,4c0bd053bbc676b03f0d4cd5,China Inn,53.321043,-6.394888
SOUTH DUBLIN,Chinese,4e10e79ad4c07597ff7c7673,Sunflower,53.299140487529705,-6.321322466998045
SOUTH DUBLIN,Chinese,4dab45d1fa8cc764974913c6,New Territory Chinese,53.321184217474766,-6.390395164489746
SOUTH DUBLIN,Chinese,4c700fee9c6d6dcbd158d17a,Victoria,53.320701845613264,-6.393681059382277
SOUTH DUBLIN,Chinese,4d6af301055a88bff55352cf,China Garden Restaurant,53.28032881395956,-6.44472599029541
SOUTH DUBLIN,Chinese,4b9d45d8f964a520019f36e3,Lok Moon,53.308103630326045,-6.315642030563706
SOUTH DUBLIN,Chinese,4bd324ec77b29c7422069082,Chrysanthemum,53.294188821427866,-6.300269098377738
SOUTH DUBLIN,Chinese,4c718b9213228cfa7dd32865,Chuan City,53.324221,-6.329162
SOUTH DUBLIN,Thai,4cf9493f7945224b1cf878e7,Tamara,53.286140205122415,-6.376200914382935
SOUTH DUBLIN,Thai,4b4f1901f964a5203cfa26e3,Lemongrass Fusion,53.28584844591587,-6.450274553818249
SOUTH DUBLIN,Australian,5470d887498ea81c5eda84e4,Aussie Outback,53.28640365536811,-6.375031074699957
SOUTH DUBLIN,French,4e53b03aaeb74b7458197599,Hibernian Bistro,53.28611695579105,-6.446048755503063
SOUTH DUBLIN,French,4e1b18ebaeb7d09fc835214f,Village Coffee House,53.29992300945583,-6.299800278575783
SOUTH DUBLIN,Indian,58ad8c2bfc73d42fbcd7fb87,Mams Indian Restaurant,53.28599120987711,-6.375691294670105
SOUTH DUBLIN,Indian,4f0c7ab6e4b0a87afad6b41f,Kundan Tandoori,53.28767199412159,-6.365452569823539
SOUTH DUBLIN,Indian,4fb39a13e4b06686488110cd,lake view cafe,53.29044137138775,-6.4236975091949455
SOUTH DUBLIN,Italian,50267898e4b0b57d71a686f4,Pandinis,53.31430753166403,-6.392257124778343
SOUTH DUBLIN,Italian,4b536132f964a520ab9927e3,Paparazzi,53.298399,-6.304280161857605
SOUTH DUBLIN,Italian,4df3447418a88611c6bbbfcf,Italian School of Cooking,53.32828960671208,-6.345472904316721
KILDARE,American,4e492e06c65bd6ffbeb471aa,Eddie Rocket's,53.21913178802163,-6.661916953372952
KILDARE,American,549abdba498e4c9f52a09d06,Eddie Rocket's,53.177758250095984,-6.8007878957378125
KILDARE,American,5137582de4b00eec873170d7,356 In The 353,53.214356,-6.651979
KILDARE,Chinese,4bc376002a89ef3b880ff588,The Flaming Wok,53.29322790734944,-6.686666843218903
KILDARE,Chinese,4d4431abbf61a1cde20a06ac,Ginzeng Oriental Food -To Go,53.178406,-6.798621
KILDARE,Chinese,4c3083f166e40f47fd9bc38b,Victoria House,53.15753253428623,-6.910163078611459
KILDARE,Japanese,5b81871e598e64002c7d4263,fujiyama,53.177734,-6.798833
KILDARE,Japanese,5978c0fcc4df1d06f416e219,Tani Japanese Restaurant,53.215885,-6.665507
KILDARE,Thai,4bb2317535f0c9b624efba83,Weeping Thaiger,53.17790911596347,-6.800267977697375
KILDARE,Thai,4c080709ffb8c9b6329b6761,Zen Thai,53.181606633792356,-6.798007217988226
KILDARE,Thai,4f3acf31e4b08b7ace0c7ce6,Thai Ger,53.20317477991633,-6.820993938713096
KILDARE,Thai,4f4b9f194fc67bfa5b61ea08,Mirama Chinese & Thai,53.218715443187804,-6.662993431091309
KILDARE,Thai,4b815030f964a520e69e30e3,Weeping Thaiger,53.22066830058246,-6.661255359649658
KILDARE,Thai,56477bb5498eafa53f68d377,Thai Station,53.245624,-6.664721
KILDARE,Thai,4e2f117c8877341a514ec311,Lemongrass,53.29152615793118,-6.6864281292459555
KILDARE,French,4bf2ebc7706e20a15da4a798,Vie De Chateaux,53.21675,-6.667174
KILDARE,French,4bdb63422a3a0f47b9ceaeb6,Brown Bear,53.16924977509377,-6.692953298843396
KILDARE,Indian,5a7cc88c112c6c2e25a17901,Mayur,53.220033,-6.660159
KILDARE,Indian,521e31d911d243e1d2130fed,Kingfisher Indian Restaurant,53.220149993896484,-6.660134315490723
KILDARE,Indian,53405981498e0f3f1f68af6f,Swapna,53.22531428814106,-6.657725963625726
KILDARE,Indian,518f89cb498e59f7700be8ef,Sitaaray,53.157621448317364,-6.910706643833793
KILDARE,Indian,4e05c709d4c03ae0b9bf0a31,The Bombay Bistro,53.291711088782364,-6.686272362814222
KILDARE,Italian,4ba519e2f964a5204edd38e3,Il Fico Restaurant,53.22014155176499,-6.659946441650391
KILDARE,Italian,4b9b9064f964a520d00f36e3,L'Officina by Dunne & Crescenzi,53.15310491261142,-6.915883021320102
KILDARE,Italian,4cb9fcb79552b60cd140d78b,La Travola d' Ora,53.189678,-6.786066
KILDARE,Italian,50a6d0637ab43de01405ac41,PePe Carlo,53.177659146601236,-6.800397634506226
KILDARE,Italian,4cc1dbf342d1b60cf7ab0c13,Fountain Take Away,53.131437092976284,-6.742080554222932
KILDARE,Italian,4f3a5c4de4b089d43bea0454,"The Fountain, Kilcullen",53.1249885559082,-6.742917537689209
KILDARE,Italian,592b18ac4a1cc037f281e959,Rustic Italian Restaurant & Bar,53.217151,-6.664335
KILDARE,Italian,4f3944d17716f12800399fda,Mizzoni's Piza & Pasta,53.162153192443775,-6.910250186920166
DÚN LAOGHAIRE-RATHDOWN,American,4ebea7d94690d23388d3a8a6,Salt @Avoca,53.293999460660764,-6.152177872027169
DÚN LAOGHAIRE-RATHDOWN,American,4b5ac4c8f964a520e2d328e3,Eddie Rocket's,53.29022222324907,-6.20023379893496
DÚN LAOGHAIRE-RATHDOWN,American,4b62e884f964a5205f582ae3,Eddie Rocket's,53.30140457803853,-6.1772504598673095
DÚN LAOGHAIRE-RATHDOWN,Chinese,4c8b54cfe51e6dcbdb5f71de,China Sichuan,53.27815936931124,-6.210854937801116
DÚN LAOGHAIRE-RATHDOWN,Chinese,4bc22d422a89ef3b6860f388,Yungs,53.288741261082144,-6.130149507715593
DÚN LAOGHAIRE-RATHDOWN,Chinese,4c07eead6071a5933574db32,Victoria,53.29399564988077,-6.153122884497709
DÚN LAOGHAIRE-RATHDOWN,Chinese,51b75fe3498ec15d59110c25,Tropica Restaurant,53.27836361316408,-6.10729278159796
DÚN LAOGHAIRE-RATHDOWN,Chinese,4bc609d051b376b073df1a6f,Fu Moon,53.287781016842,-6.175734016452248
DÚN LAOGHAIRE-RATHDOWN,Chinese,4f2bde44e4b0009b316d401b,Great Wall,53.30035017353432,-6.176377090803302
DÚN LAOGHAIRE-RATHDOWN,Chinese,4dbda9adf7b1ab37dd7ba737,Lee's Kitchen,53.27692308149727,-6.103280887014136
DÚN LAOGHAIRE-RATHDOWN,Chinese,4daaed065da3ba8a47953c14,Green Dragon Well,53.267357009116274,-6.136407141903245
DÚN LAOGHAIRE-RATHDOWN,Chinese,4c964fc9f7cfa1cdb113c515,De Luxe Chinese Takeaway,53.26542748861387,-6.165943794763166
DÚN LAOGHAIRE-RATHDOWN,Chinese,4de0070cd22d2a795563d976,The Village,53.25709768572776,-6.1280283193482505
DÚN LAOGHAIRE-RATHDOWN,Japanese,582893d626d44f3396db30c1,Musashi,53.27687882072121,-6.218559808283636
DÚN LAOGHAIRE-RATHDOWN,Japanese,509aaf49e4b02bbb97ab7d46,Michie Sushi,53.28961434303045,-6.129911379332682
DÚN LAOGHAIRE-RATHDOWN,Japanese,523207c911d2688bcaff978e,Michie Sushi,53.27730176550381,-6.217334117905308
DÚN LAOGHAIRE-RATHDOWN,Korean,5a369a8f2e26801bc7c422ff,Seoul Kitchen,53.290092,-6.1284037
DÚN LAOGHAIRE-RATHDOWN,Thai,525fd818498edd3e88589aff,Mao,53.28923894971028,-6.199404715075796
DÚN LAOGHAIRE-RATHDOWN,Thai,4b98de2df964a520415335e3,Baan Thai,53.27166827319932,-6.203437917188181
DÚN LAOGHAIRE-RATHDOWN,Thai,55a7f682498e11da1a9ac2af,Mango Tree,53.27742025017447,-6.216207580165262
DÚN LAOGHAIRE-RATHDOWN,Thai,4b72b0f6f964a520f9832de3,My Thai,53.27649815472924,-6.2205236782891795
DÚN LAOGHAIRE-RATHDOWN,Thai,4c4c6c37bad7a5936b613fad,Cafe Mao,53.29405819178515,-6.132956202487861
DÚN LAOGHAIRE-RATHDOWN,Thai,4b190740f964a5204ad723e3,Sandyford Village Market,53.275169043331964,-6.213421411384174
DÚN LAOGHAIRE-RATHDOWN,Thai,4b38f7f0f964a5203d5325e3,Diep At Home,53.30171187119988,-6.177875699578872
DÚN LAOGHAIRE-RATHDOWN,Thai,4bba243153649c74c8ad48fb,The Blue Orchid,53.28810808607122,-6.175554287004362
DÚN LAOGHAIRE-RATHDOWN,Thai,4b75b387f964a520251e2ee3,Thai House,53.27673304414099,-6.103217200191272
DÚN LAOGHAIRE-RATHDOWN,French,50e88367e4b03e4441fdd047,Travel Cafe & Restaurant,53.29496717575538,-6.135643711242103
DÚN LAOGHAIRE-RATHDOWN,French,4dc56b89d22dafda2fa3b5d1,The Vanilla Pod Eatery,53.251902746449375,-6.184878162585801
DÚN LAOGHAIRE-RATHDOWN,French,5856a5815a586918eed3e1c1,The Cake Room and Slow Food Experience,53.301444,-6.177601
DÚN LAOGHAIRE-RATHDOWN,French,5af7416fc97f28002c43a42c,Nova,53.27718,-6.102973
DÚN LAOGHAIRE-RATHDOWN,Indian,4af3f403f964a520abef21e3,Rasam,53.28703012806546,-6.123131669902326
DÚN LAOGHAIRE-RATHDOWN,Indian,4c1e407bb9f876b0ddc47e46,Jaipur,53.277316,-6.104263
DÚN LAOGHAIRE-RATHDOWN,Indian,4c979921533aa0938062db45,Indian Summer,53.28837058163624,-6.204974055290222
DÚN LAOGHAIRE-RATHDOWN,Indian,4e00e22162843b639cf9d5a5,Shakira,53.293215495797334,-6.138252223232122
DÚN LAOGHAIRE-RATHDOWN,Indian,4af5e196f964a5204bfe21e3,Bombay Pantry,53.27954003329554,-6.13455086534647
DÚN LAOGHAIRE-RATHDOWN,Indian,4b190740f964a5204ad723e3,Sandyford Village Market,53.275169043331964,-6.213421411384174
DÚN LAOGHAIRE-RATHDOWN,Indian,4ccdbfa8511b236aad38f9c9,Spice Cottage,53.27830123291746,-6.142174002852756
DÚN LAOGHAIRE-RATHDOWN,Italian,510e895ae4b0681bb84ff304,That's Amore,53.29361559625858,-6.15414422342252
DÚN LAOGHAIRE-RATHDOWN,Italian,4b9a9483f964a52041c335e3,Oliveto Osteria,53.292258625653915,-6.1303653446164175
DÚN LAOGHAIRE-RATHDOWN,Italian,4b2bdd05f964a5208fbc24e3,Ragazzi,53.277313532376816,-6.102984395864843
DÚN LAOGHAIRE-RATHDOWN,Italian,50e88367e4b03e4441fdd047,Travel Cafe & Restaurant,53.29496717575538,-6.135643711242103
DÚN LAOGHAIRE-RATHDOWN,Italian,4af73661f964a520370722e3,Benito's,53.277688113282466,-6.104946148575462
DÚN LAOGHAIRE-RATHDOWN,Italian,4dfe2e8bc65b67789892081e,Café 31,53.26093887963308,-6.150305729635039
DÚN LAOGHAIRE-RATHDOWN,Italian,4b9cddbaf964a5207e7f36e3,Bianconi's,53.31746184357426,-6.208201420418371
DÚN LAOGHAIRE-RATHDOWN,Italian,57263a05498e6edbc260367a,Casanova's Wood Fired Pizza,53.28843396685438,-6.199315516892057
DÚN LAOGHAIRE-RATHDOWN,Italian,4c8a270c6418a1435d05ddce,La Dolce Vita,53.2769602596483,-6.21069731646056
DÚN LAOGHAIRE-RATHDOWN,Italian,4b49ff33f964a5207b7726e3,Milano,53.29479880505267,-6.1352889562959945
DÚN LAOGHAIRE-RATHDOWN,Italian,4b27e243f964a520b18b24e3,Marios,53.332300873126215,-6.215205127032227
DÚN LAOGHAIRE-RATHDOWN,Italian,4ebea7d94690d23388d3a8a6,Salt @Avoca,53.293999460660764,-6.152177872027169
DÚN LAOGHAIRE-RATHDOWN,Italian,4e8c4a5b9adf4a7ef30743c3,Toscana Italian Restaurant,53.290386228215596,-6.127019085961783
DÚN LAOGHAIRE-RATHDOWN,Italian,4c908fef0b9e3704df7e685e,Talavera,53.304867884516156,-6.205765662761636
DÚN LAOGHAIRE-RATHDOWN,Italian,4f31276fe4b0dd99b37e63cc,SiSi @ Central Cafe,53.30106649396806,-6.176935367376911
DÚN LAOGHAIRE-RATHDOWN,Italian,4f1be585e4b0d7904322b405,Michaels Food & Wine,53.296219639443756,-6.213258060465932
DÚN LAOGHAIRE-RATHDOWN,Italian,4b68951bf964a52035812be3,Little Venezia,53.26174027527344,-6.209119345131965
DÚN LAOGHAIRE-RATHDOWN,Mexican,5a073694b8fd9d6364bb25cb,Zambrero,53.276978,-6.2166233
MEATH,Chinese,4d0936551657a35d69c130e7,China Garden,53.65197687722512,-6.688745774887855
MEATH,Chinese,4ca76af0a6e08cfadb708494,Oriental Palace,53.653392425511484,-6.689020282309195
MEATH,Chinese,4da207a5d686b60c9b85b128,Marigold,53.553198481000976,-6.7893844058973265
MEATH,Chinese,59501430da70805cd9143209,Zen Palace,53.72964,-6.8813586
MEATH,Thai,4dd6b82f7d8b322663de1fa4,Thai Orchid,53.65369358099155,-6.685440307210831
MEATH,Indian,4c19dce4d4d9c928b89cf129,Khan Tandoori,53.65448687586255,-6.682957300843594
MEATH,Indian,4c15290277cea59350bcd160,Gaylords,53.65103800620142,-6.686932664487688
MEATH,Indian,4daf3401cda12a5f1ad8fe8a,Diwali,53.650702,-6.686815
MEATH,Indian,5127b7bde4b01d5693afcbe8,Saffron Bengali Restaurant,53.650709,-6.687525
MEATH,Indian,4c55ef37fd2ea593e82d8c2c,Waterlily Indian Restaurant,53.558499,-6.789044
MEATH,Indian,4e8a010277c8728516e43f07,Khan Spices,53.554143715607125,-6.793343763395773
MEATH,Indian,4da4bae49aa4721e9b0e3e1a,Copper And Spices,53.652558,-6.683534
MEATH,Italian,4c027a53310fc9b64377c461,Marini restaurant,53.65542294484996,-6.681833267211914
MEATH,Italian,4f4bb456c2ee9f42a13f1b50,Porta Via Fabios,53.55950660645324,-6.79004430770874
LIMERICK CITY AND COUNTY,American,537f5526498ec90f58ab702b,Hook & Ladder,52.66433692050091,-8.628170593120396
LIMERICK CITY AND COUNTY,American,4b913914f964a52039ab33e3,Texas Steakout,52.662714863426885,-8.62791145037879
LIMERICK CITY AND COUNTY,Chinese,4b8a819ff964a520b96f32e3,Jasmine Palace,52.66214574794588,-8.628555769621043
LIMERICK CITY AND COUNTY,Chinese,4c5ef91485a1e21e28955d11,Peony Court,52.65113576284352,-8.639090544955724
LIMERICK CITY AND COUNTY,Japanese,528a27fd11d2eaea10238607,Taikichi,52.662303578582566,-8.628358329108535
LIMERICK CITY AND COUNTY,Thai,530799e4498e83e884512644,Kaya Contemporary Thai Cuisine & Noodle Bar,52.66267064777983,-8.627936426595396
LIMERICK CITY AND COUNTY,Thai,5330455f498e1b8bd57ec6ad,Aroi Asian Street Food,52.66450376619152,-8.626099273099518
LIMERICK CITY AND COUNTY,Thai,4b677323f964a520a84f2be3,Cornstore,52.66248615217064,-8.62533176743382
LIMERICK CITY AND COUNTY,Thai,4f172a7ae4b0958ec6f28baf,Thai Gourmet,52.66084622484323,-8.629504863961856
LIMERICK CITY AND COUNTY,Thai,59fc77006dcf047e2606f905,Zozabb,52.661306,-8.630616
LIMERICK CITY AND COUNTY,Thai,55fc09f7498e303de6b880e9,Khing Thai,52.66125843395869,-8.630581498146057
LIMERICK CITY AND COUNTY,Thai,5399ef00498e709d5ee94fac,Aroi Asian Street Food,52.663719206591956,-8.627756863731369
LIMERICK CITY AND COUNTY,Thai,59a304ba3b4e0049057fb763,Lana Asian Street Food,52.661486,-8.627001
LIMERICK CITY AND COUNTY,French,4c0e9508336220a14473cc77,French Table,52.66078390076365,-8.635269435390832
LIMERICK CITY AND COUNTY,French,4fcb6723e4b0d9a5f03b9039,Bon Appetit,52.66358366537989,-8.6221401704681
LIMERICK CITY AND COUNTY,Greek,4fb5bd43e4b07f06a76b6562,Kebebish,52.664806,-8.624599
LIMERICK CITY AND COUNTY,Indian,4c337d763896e21e3b1fea90,Mogul Emperor,52.66427722405813,-8.628102821644394
LIMERICK CITY AND COUNTY,Indian,4c7c1283566db60c9b9d4c0e,Bambu,52.66267872802653,-8.627938312677566
LIMERICK CITY AND COUNTY,Indian,4d1cfaa3dd6a236a977f1938,Spice Of India,52.66253812827299,-8.62789836444551
LIMERICK CITY AND COUNTY,Italian,4bf1366521072d7fadad208b,Bella Italia,52.66246093307705,-8.625508573870688
LIMERICK CITY AND COUNTY,Italian,4f0084dfb6346feaed6ee1a7,Marco Polo,52.66213034479081,-8.62859126000312
LIMERICK CITY AND COUNTY,Italian,4c7f97562042b1f76e38c3ad,O&F Cafe,52.66288272910797,-8.625712675477097
LIMERICK CITY AND COUNTY,Italian,4bca1d1ab6c49c7425cc8f91,Milano,52.6636579,-8.6300718
LIMERICK CITY AND COUNTY,Italian,4eb5773a6c2590eb8810957d,La Piccola Italia,52.66073184734034,-8.629986607185646
LIMERICK CITY AND COUNTY,Italian,55c512a7498ea6c4348e6c26,Da Vincenzo Food and Wine Hall,52.662550117787454,-8.628880977630615
LIMERICK CITY AND COUNTY,Italian,597286e935811b1c18eb6d4f,Da Vincenzo Food & Wine Hall,52.662426,-8.628657
LIMERICK CITY AND COUNTY,Italian,4b5daddcf964a520736629e3,Cafe Mocha,52.66942110392173,-8.615641593933105
LIMERICK CITY AND COUNTY,Mexican,51e6b3f8498e20ea9235d21a,Badass Burritos,52.664202561725254,-8.626397428058418
LIMERICK CITY AND COUNTY,Mexican,4d4db2809ee137044126878b,Smokey Joes,52.66454637050629,-8.624208569526672
LIMERICK CITY AND COUNTY,Mexican,5b168d44c9f907002c7fd1a6,Boojum,52.6645,-8.625753
LIMERICK CITY AND COUNTY,Mexican,581dda672fea3626411f549f,Mexican Food Dudes,52.664114,-8.626513
LIMERICK CITY AND COUNTY,Turkish,5a75bad035f9835fcb921e11,Türkmen Lokantası,52.660378,-8.625017
LIMERICK CITY AND COUNTY,Turkish,5089a085e4b07f1e61ed8bfa,Adana Char Grill,52.66517956361547,-8.620905779580253
GALWAY COUNTY,Chinese,4f8c4b0ce4b0202c08e8bf3c,Royal Villa,53.340796859374194,-8.945994644709959
GALWAY COUNTY,Italian,4df21f52b0fb807158bca18b,Sapori Di Sicilia,53.31075,-8.933494
TIPPERARY,Chinese,598f46728134882ad17fe2d1,Yangs,52.679194,-7.816915
TIPPERARY,Chinese,5627d6d4498e46e5c103951a,Jumbo Reunion Chinese Restaurant,52.67703381355747,-7.81271464521291
TIPPERARY,Chinese,4cdf1499f8a4a143b4e0dbbc,Jumbo Chinese Resturant,52.67919803015442,-7.810589763316424
TIPPERARY,Chinese,4af9e4a6f964a520121522e3,Pearl Garden,52.51780305,-7.88653394
TIPPERARY,Chinese,4beeeaa33686c9b65631256e,Orchid Garden,52.51741175,-7.88683337
TIPPERARY,Thai,5dbb352636271b000888a5f5,Yi Thai,52.680836,-7.817122
TIPPERARY,Indian,4c7c38f009b29c74275de03c,Stars of India,52.67744889890901,-7.812995910644531
TIPPERARY,Indian,517524fee4b0f71f7ca6c33e,Bombay Kebab Hause,52.51744079589844,-7.886424541473389
TIPPERARY,Indian,590a1d9fbfc6d0617a864531,Saffron Indian cuisine,52.516001,-7.889159
TIPPERARY,Italian,525991ab11d27782614a3238,Gino's Diner,52.679185,-7.813761
